Run Name,Run ID,State,Commit,Logic,Eval Return,Retrieval Enable,Warmup Steps,Calculated Warmup Steps,Dynamic Warmup Delay Steps,Dynamic Warmup Target Steps,Min Warmup Steps,Batch Size Reduction,Z Score Threshold,Hash Bits,Retrieval Target,Anchor Weight,Seed,Created At
Assault_dido71hu,dido71hu,finished,c48ae97,retrieved_count (without max),N/A,True,N/A,N/A,N/A,N/A,N/A,N/A,3.5,10,16,N/A,N/A,2026-08-05T20:51:49Z
Asterix_l4ym0k94,l4ym0k94,finished,c48ae97,retrieved_count (without max),N/A,True,N/A,N/A,N/A,N/A,N/A,N/A,3.5,10,16,N/A,N/A,2026-08-06T00:13:16Z
BankHeist_3j118kwy,3j118kwy,finished,fd75de5,retrieved_count (without max),N/A,True,N/A,N/A,N/A,N/A,N/A,N/A,3.5,10,16,N/A,N/A,2026-08-06T04:45:09Z
BattleZone_tb0nazhp,tb0nazhp,finished,26228dc,retrieved_count (without max),N/A,True,N/A,N/A,N/A,N/A,N/A,N/A,3.5,10,16,N/A,N/A,2026-08-06T07:58:34Z
Boxing_cl8oz4q3,cl8oz4q3,finished,9229652,retrieved_count (without max),N/A,True,N/A,N/A,N/A,N/A,N/A,N/A,3.5,10,16,N/A,N/A,2026-08-06T10:32:30Z
Breakout_726v606d,726v606d,finished,b735362,retrieved_count (without max),N/A,True,N/A,N/A,N/A,N/A,N/A,N/A,3.5,10,8,N/A,N/A,2026-08-06T13:05:21Z
ChopperCommand_bp6ykwxs,bp6ykwxs,finished,b735362,retrieved_count (without max),N/A,True,N/A,N/A,N/A,N/A,N/A,N/A,3.5,10,8,N/A,N/A,2026-08-06T15:37:01Z
CrazyClimber_5ifc4mwt,5ifc4mwt,finished,b735362,retrieved_count (without max),N/A,True,N/A,N/A,N/A,N/A,N/A,N/A,3.5,10,8,N/A,N/A,2026-08-06T18:02:19Z
DemonAttack_rtr1s4v6,rtr1s4v6,finished,b735362,retrieved_count (without max),N/A,True,N/A,N/A,N/A,N/A,N/A,N/A,3.5,10,8,N/A,N/A,2026-08-06T20:34:55Z
Freeway_h8nx72hu,h8nx72hu,finished,b735362,retrieved_count (without max),N/A,True,N/A,N/A,N/A,N/A,N/A,N/A,3.5,10,8,N/A,N/A,2026-08-06T23:02:15Z
Frostbite_hc1bfvxo,hc1bfvxo,finished,522459f,retrieved_count (without max),N/A,True,N/A,N/A,N/A,N/A,N/A,N/A,3.5,10,16,N/A,N/A,2026-08-07T16:30:40Z
ChopperCommand_fcrzqnfl,fcrzqnfl,finished,906d580,retrieved_count (without max),N/A,True,N/A,N/A,N/A,N/A,N/A,N/A,3.5,10,16,N/A,N/A,2026-08-07T20:12:38Z
Frostbite_lgr64hkl,lgr64hkl,finished,906d580,retrieved_count (without max),N/A,True,N/A,N/A,N/A,N/A,N/A,N/A,3.5,10,16,N/A,N/A,2026-08-08T06:07:23Z
ChopperCommand_qgi59l89,qgi59l89,finished,12197ab,retrieved_count (without max),N/A,True,N/A,N/A,N/A,N/A,N/A,N/A,3.5,10,16,N/A,N/A,2026-08-08T10:00:53Z
Frostbite_6phdabdf,6phdabdf,finished,f4ca35e,retrieved_count (without max),N/A,True,N/A,N/A,N/A,N/A,N/A,N/A,3.5,10,16,N/A,N/A,2026-08-08T13:21:06Z
Hero_kfgedx37,kfgedx37,finished,12197ab,retrieved_count (without max),N/A,True,N/A,N/A,N/A,N/A,N/A,N/A,3.5,10,16,N/A,N/A,2026-08-08T13:33:54Z
Asterix_pd3tngie,pd3tngie,finished,12197ab,retrieved_count (without max),N/A,True,N/A,N/A,N/A,N/A,N/A,N/A,3.5,10,16,N/A,N/A,2026-08-08T17:17:34Z
Gopher_iv8hsasj,iv8hsasj,finished,12197ab,retrieved_count (without max),N/A,True,N/A,N/A,N/A,N/A,N/A,N/A,3.5,10,16,N/A,N/A,2026-08-08T20:28:23Z
Gopher_4qrcg3zv,4qrcg3zv,finished,5d6dd17,retrieved_count (without max),N/A,True,N/A,N/A,N/A,N/A,N/A,N/A,3.5,10,16,N/A,N/A,2026-08-09T03:16:21Z
Frostbite_j5wlpk0l,j5wlpk0l,finished,e682e51,retrieved_count (without max),261,True,N/A,N/A,N/A,N/A,N/A,N/A,3.5,10,16,N/A,N/A,2026-08-09T04:51:01Z
Frostbite_yha95292,yha95292,finished,e682e51,retrieved_count (without max),2631,False,N/A,N/A,N/A,N/A,N/A,N/A,3.5,10,16,N/A,N/A,2026-08-09T07:37:53Z
Frostbite_eiuv70yq,eiuv70yq,finished,f0361d8,num_valid_anchors,1897,True,5000,5000,N/A,N/A,N/A,N/A,3.5,10,16,N/A,N/A,2026-08-09T15:49:08Z
Gopher_u79ngx8e,u79ngx8e,finished,f0361d8,num_valid_anchors,1089,True,5000,5000,N/A,N/A,N/A,N/A,3.5,10,16,N/A,N/A,2026-08-09T15:50:25Z
ChopperCommand_0xtsin0l,0xtsin0l,finished,f0361d8,num_valid_anchors,1420,True,5000,5000,N/A,N/A,N/A,N/A,3.5,10,16,N/A,N/A,2026-08-09T18:55:57Z
Jamesbond_amedwsrz,amedwsrz,finished,f0361d8,num_valid_anchors,622.5,True,5000,5000,N/A,N/A,N/A,N/A,3.5,10,16,N/A,N/A,2026-08-09T19:30:20Z
Gopher_cq2v19hx,cq2v19hx,finished,a68e4c8,num_valid_anchors,3844,True,20000,20000,N/A,N/A,N/A,N/A,3.5,10,16,N/A,N/A,2026-08-10T02:33:35Z
Frostbite_aacxbr0j,aacxbr0j,finished,a68e4c8,num_valid_anchors,2535,True,20000,20000,N/A,N/A,N/A,N/A,3.5,10,16,N/A,N/A,2026-08-10T02:33:38Z
Gopher_m8qi1l1h,m8qi1l1h,finished,a85ff0a,num_valid_anchors,4545,False,N/A,N/A,N/A,N/A,N/A,N/A,3.5,10,16,N/A,N/A,2026-08-10T06:12:46Z
Frostbite_8mq7xtze,8mq7xtze,finished,a85ff0a,num_valid_anchors,2709,True,20000,20000,N/A,N/A,N/A,N/A,3.5,10,16,N/A,N/A,2026-08-10T06:46:35Z
Jamesbond_23itjn25,23itjn25,finished,a85ff0a,num_valid_anchors,625,True,20000,20000,N/A,N/A,N/A,N/A,3.5,10,16,N/A,N/A,2026-08-10T08:50:24Z
Frostbite_p72nyono,p72nyono,finished,7c744f2,retrieved_count (without max),2068,False,N/A,N/A,N/A,N/A,N/A,N/A,3.5,10,16,N/A,N/A,2026-08-11T04:36:29Z
Frostbite_dam6q2r6,dam6q2r6,finished,7c744f2,retrieved_count (without max),1904,False,N/A,N/A,N/A,N/A,N/A,N/A,3.5,10,16,N/A,N/A,2026-08-11T04:36:35Z
Frostbite_g78da4qo,g78da4qo,finished,e8adbf6,num_valid_anchors,2408.5,True,20000,20000,N/A,N/A,N/A,N/A,3.5,10,16,N/A,N/A,2026-08-11T07:13:21Z
Frostbite_8kao4rty,8kao4rty,finished,e8adbf6,num_valid_anchors,2666.5,True,20000,20000,N/A,N/A,N/A,N/A,3.5,10,16,N/A,N/A,2026-08-11T07:14:54Z
Frostbite_rcqsx89t,rcqsx89t,finished,e8adbf6,num_valid_anchors,260.5,True,20000,20000,N/A,N/A,N/A,N/A,3.5,10,16,N/A,N/A,2026-08-11T10:09:27Z
Frostbite_er2boj14,er2boj14,finished,e8adbf6,num_valid_anchors,266.5,False,N/A,N/A,N/A,N/A,N/A,N/A,3.5,10,16,N/A,N/A,2026-08-11T10:10:48Z
Hero_l245e0qe_10_O,l245e0qe,finished,90a0a5b,num_valid_anchors,12227.25,True,20000,20000,N/A,N/A,N/A,N/A,3.5,10,16,N/A,10,2026-08-11T12:56:43Z
Hero_0g7od2ti_10_X,0g7od2ti,finished,90a0a5b,num_valid_anchors,12996.75,False,N/A,N/A,N/A,N/A,N/A,N/A,3.5,10,16,N/A,10,2026-08-11T13:10:26Z
ChopperCommand_fsy2x429_10_O,fsy2x429,finished,90a0a5b,num_valid_anchors,1870,True,20000,20000,N/A,N/A,N/A,N/A,3.5,10,16,N/A,10,2026-08-11T15:53:49Z
ChopperCommand_ti2d8k6i_10_X,ti2d8k6i,finished,90a0a5b,num_valid_anchors,1960,False,N/A,N/A,N/A,N/A,N/A,N/A,3.5,10,16,N/A,10,2026-08-11T15:57:04Z
Gopher_lclcayju_1_O,lclcayju,finished,90a0a5b,num_valid_anchors,4067,True,20000,20000,N/A,N/A,N/A,N/A,3.5,10,16,N/A,1,2026-08-11T18:38:14Z
Gopher_gu3gyrb0_1_X,gu3gyrb0,finished,90a0a5b,num_valid_anchors,5968,False,N/A,N/A,N/A,N/A,N/A,N/A,3.5,10,16,N/A,1,2026-08-11T19:03:15Z
MsPacman_l32mawg9_1_O,l32mawg9,finished,90a0a5b,num_valid_anchors,1549.5,True,20000,20000,N/A,N/A,N/A,N/A,3.5,10,16,N/A,1,2026-08-11T21:38:47Z
MsPacman_m1aqiq1r_1_X,m1aqiq1r,finished,90a0a5b,num_valid_anchors,1807.5,False,N/A,N/A,N/A,N/A,N/A,N/A,3.5,10,16,N/A,1,2026-08-11T21:43:01Z
Frostbite_xkrcm9jk_710_X,xkrcm9jk,finished,90a0a5b,num_valid_anchors,2270.5,False,N/A,N/A,N/A,N/A,N/A,N/A,3.5,10,16,N/A,710,2026-08-12T00:32:22Z
Frostbite_7yto79qd_710_O,7yto79qd,finished,90a0a5b,num_valid_anchors,2008,True,20000,20000,N/A,N/A,N/A,N/A,3.5,10,16,N/A,710,2026-08-12T01:16:37Z
Frostbite_y00apntd_710_O,y00apntd,finished,5b8ad47,num_valid_anchors,1453.5,True,20000,20000,N/A,N/A,N/A,N/A,3,10,16,N/A,710,2026-08-12T06:43:36Z
Hero_o25d35ld_10_O,o25d35ld,finished,cd0fe1d,num_valid_anchors,13548,True,36000,36000,N/A,N/A,N/A,N/A,3,10,16,N/A,10,2026-08-12T09:16:36Z
Amidar_e4lm7iap_2000_X,e4lm7iap,finished,e4966df,num_valid_anchors,177.55,False,N/A,N/A,N/A,N/A,N/A,N/A,3,10,16,N/A,2000,2026-08-12T11:24:05Z
Alien_tspqrlhz_2000_X,tspqrlhz,finished,112fc78,num_valid_anchors,688.5,False,N/A,N/A,N/A,N/A,N/A,N/A,3.5,10,16,N/A,2000,2026-08-12T11:26:06Z
Gopher_zunomcdb_1_O,zunomcdb,finished,a8545fe,num_valid_anchors,4938,True,60000,60000,N/A,N/A,N/A,N/A,3.5,10,16,N/A,1,2026-08-12T12:14:28Z
MsPacman_zk4p36p3_1_O,zk4p36p3,finished,aa6e58c,num_valid_anchors,1740.5,True,11000,11000,N/A,N/A,N/A,N/A,3.5,10,16,N/A,1,2026-08-12T12:34:15Z
Gopher_kj5xuf12_10_X,kj5xuf12,finished,aa6e58c,num_valid_anchors,3275,False,N/A,N/A,N/A,N/A,N/A,N/A,3.5,10,16,N/A,10,2026-08-12T15:10:12Z
Frostbite_3z9mqxuf_10_O,3z9mqxuf,finished,aa6e58c,num_valid_anchors,2403,True,20000,20000,N/A,N/A,N/A,N/A,3.5,10,16,N/A,10,2026-08-12T15:34:44Z
Frostbite_es7rpyy3_710_O,es7rpyy3,finished,aa6e58c,num_valid_anchors,2101,True,20000,20000,N/A,N/A,N/A,N/A,3.5,10,16,N/A,710,2026-08-12T17:47:31Z
Assault_44x6n4yp_2000_X,44x6n4yp,finished,112fc78,num_valid_anchors,620.4,False,N/A,N/A,N/A,N/A,N/A,N/A,3.5,10,16,N/A,2000,2026-08-12T18:15:20Z
BankHeist_d14nb2bu_2000_X,d14nb2bu,finished,112fc78,num_valid_anchors,163,False,N/A,N/A,N/A,N/A,N/A,N/A,3.5,10,16,N/A,2000,2026-08-12T18:16:09Z
Frostbite_8dazzzeq_3710_O,8dazzzeq,finished,aa6e58c,num_valid_anchors,2671,True,20000,20000,N/A,N/A,N/A,N/A,3.5,10,16,N/A,3710,2026-08-12T18:35:06Z
MsPacman_f2f1pwux_10_X,f2f1pwux,finished,aa6e58c,num_valid_anchors,2007,False,N/A,N/A,N/A,N/A,N/A,N/A,3.5,10,16,N/A,10,2026-08-12T20:41:07Z
Hero_abdl7rky_1_X,abdl7rky,finished,aa6e58c,num_valid_anchors,7608.5,False,N/A,N/A,N/A,N/A,N/A,N/A,3.5,10,16,N/A,1,2026-08-12T21:29:52Z
Asterix_9vuw278h_1_X,9vuw278h,finished,aa6e58c,num_valid_anchors,515,False,N/A,N/A,N/A,N/A,N/A,N/A,3.5,10,16,N/A,1,2026-08-12T23:18:15Z
Qbert_w1hqiqbo_1_X,w1hqiqbo,finished,aa6e58c,num_valid_anchors,1771.25,False,N/A,N/A,N/A,N/A,N/A,N/A,3.5,10,16,N/A,1,2026-08-13T00:08:22Z
BattleZone_z3zh8ezk_2000_X,z3zh8ezk,finished,112fc78,num_valid_anchors,5300,False,N/A,N/A,N/A,N/A,N/A,N/A,3.5,10,16,N/A,2000,2026-08-13T00:54:50Z
Boxing_u1xxt1sd_2000_X,u1xxt1sd,finished,112fc78,num_valid_anchors,81,False,N/A,N/A,N/A,N/A,N/A,N/A,3.5,10,16,N/A,2000,2026-08-13T01:09:53Z
UpNDown_d2hkqq0o_1_X,d2hkqq0o,finished,aa6e58c,num_valid_anchors,9044,False,N/A,N/A,N/A,N/A,N/A,N/A,3.5,10,16,N/A,1,2026-08-13T01:57:21Z
Jamesbond_es6yncsk_1_X,es6yncsk,finished,aa6e58c,num_valid_anchors,490,False,N/A,N/A,N/A,N/A,N/A,N/A,3.5,10,16,N/A,1,2026-08-13T02:54:18Z
Frostbite_puk2s410_10_O,puk2s410,finished,3a3d560,num_valid_anchors,2565.5,True,20000,20000,N/A,N/A,N/A,N/A,3.5,10,16,N/A,10,2026-08-13T05:33:20Z
Frostbite_51vm6i31_3710_O,51vm6i31,finished,3670190,retrieved_count (with max),3018,True,20000,20000,N/A,N/A,N/A,N/A,3.5,10,16,N/A,3710,2026-08-13T05:35:06Z
Breakout_qilmuxin_2000_X,qilmuxin,finished,112fc78,num_valid_anchors,9.8,False,N/A,N/A,N/A,N/A,N/A,N/A,3.5,10,16,N/A,2000,2026-08-13T07:35:11Z
CrazyClimber_66u1ib58_2000_X,66u1ib58,finished,112fc78,num_valid_anchors,59970,False,N/A,N/A,N/A,N/A,N/A,N/A,3.5,10,16,N/A,2000,2026-08-13T08:03:50Z
Frostbite_t85dlvke_710_O,t85dlvke,finished,3670190,retrieved_count (with max),2694,True,20000,20000,N/A,N/A,N/A,N/A,3.5,10,16,N/A,710,2026-08-13T08:32:12Z
Hero_a25uq0uk_1_O,a25uq0uk,finished,3670190,retrieved_count (with max),7267.75,True,15000,15000,N/A,N/A,N/A,N/A,3.5,10,16,N/A,1,2026-08-13T08:46:07Z
Hero_di5yjl1t_10_O,di5yjl1t,finished,138ed31,retrieved_count (with max),12951.25,True,15000,15000,N/A,N/A,N/A,N/A,3.5,10,16,N/A,10,2026-08-13T11:43:42Z
MsPacman_ybun9ejj_1_O,ybun9ejj,finished,138ed31,retrieved_count (with max),1897,True,40000,40000,N/A,N/A,N/A,N/A,3.5,10,16,N/A,1,2026-08-13T11:48:23Z
MsPacman_ydbp9tkl_10_O,ydbp9tkl,finished,138ed31,retrieved_count (with max),1556,True,40000,40000,N/A,N/A,N/A,N/A,3.5,10,16,N/A,10,2026-08-13T14:44:13Z
Gopher_76hfojnv_10_O,76hfojnv,finished,138ed31,retrieved_count (with max),3135,True,60000,60000,N/A,N/A,N/A,N/A,3.5,10,16,N/A,10,2026-08-13T14:45:09Z
Gopher_tkia8g0g_1_O,tkia8g0g,finished,138ed31,retrieved_count (with max),4986,True,60000,60000,N/A,N/A,N/A,N/A,3.5,10,16,N/A,1,2026-08-13T17:40:21Z
Seaquest_m5jcaa5a_1_X,m5jcaa5a,finished,138ed31,retrieved_count (with max),454,False,N/A,N/A,N/A,N/A,N/A,N/A,3.5,10,16,N/A,1,2026-08-13T20:34:30Z
Alien_s9hi31ki_1_X,s9hi31ki,finished,138ed31,retrieved_count (with max),1142,False,N/A,N/A,N/A,N/A,N/A,N/A,3.5,10,16,N/A,1,2026-08-13T20:34:46Z
Alien_93r1csof_1_O,93r1csof,finished,138ed31,retrieved_count (with max),1198.5,True,20000,20000,N/A,N/A,N/A,N/A,3.5,10,16,N/A,1,2026-08-13T23:11:48Z
Assault_0i5yuas8_1_X,0i5yuas8,finished,138ed31,retrieved_count (with max),705,False,N/A,N/A,N/A,N/A,N/A,N/A,3.5,10,16,N/A,1,2026-08-13T23:16:58Z
Qbert_zc8i4p9r_1_O,zc8i4p9r,finished,138ed31,retrieved_count (with max),2985,True,36000,36000,N/A,N/A,N/A,N/A,3.5,10,16,N/A,1,2026-08-14T01:57:19Z
Amidar_jo4xfrpw_1_O,jo4xfrpw,finished,138ed31,retrieved_count (with max),168.8,True,20000,20000,N/A,N/A,N/A,N/A,3.5,10,16,N/A,1,2026-08-14T02:13:17Z
Qbert_moln5tny_10_X,moln5tny,finished,138ed31,retrieved_count (with max),3786.25,False,N/A,N/A,N/A,N/A,N/A,N/A,3.5,10,16,N/A,10,2026-08-14T05:38:53Z
Amidar_j8no9ulb_2000_O,j8no9ulb,finished,9c3440f,retrieved_count (with max),207.7,True,20000,20000,N/A,N/A,N/A,N/A,3.5,10,16,N/A,2000,2026-08-14T07:34:31Z
Alien_xx429746_2000_O,xx429746,finished,d4c0ad6,retrieved_count (with max),620.5,True,20000,20000,N/A,N/A,N/A,N/A,3.5,10,16,N/A,2000,2026-08-14T07:42:25Z
Amidar_towr6pad_5090_X,towr6pad,finished,9c3440f,retrieved_count (with max),204.85,False,N/A,N/A,N/A,N/A,N/A,N/A,3.5,10,16,N/A,5090,2026-08-14T09:26:39Z
Assault_xl85l6jo_2000_O,xl85l6jo,finished,d4c0ad6,retrieved_count (with max),654.1,True,20000,20000,N/A,N/A,N/A,N/A,3.5,10,16,N/A,2000,2026-08-14T15:02:03Z
Amidar_4izyy5or_5090_O,4izyy5or,finished,9c3440f,retrieved_count (with max),222.65,True,50900,50900,N/A,N/A,N/A,N/A,3.5,10,16,N/A,5090,2026-08-14T15:37:09Z
BankHeist_hec3j6ho_2000_O,hec3j6ho,finished,d4c0ad6,retrieved_count (with max),148,True,40000,40000,N/A,N/A,N/A,N/A,3.5,10,16,N/A,2000,2026-08-14T15:42:03Z
BattleZone_vzh60s9k_2000_O,vzh60s9k,finished,d4c0ad6,retrieved_count (with max),10050,True,40000,40000,N/A,N/A,N/A,N/A,3.5,10,16,N/A,2000,2026-08-14T23:02:03Z
Boxing_5vblkjly_2000_O,5vblkjly,finished,d4c0ad6,retrieved_count (with max),86.25,True,40000,40000,N/A,N/A,N/A,N/A,3.5,10,16,N/A,2000,2026-08-14T23:07:18Z
Alien_ivw80t9d_5090_X,ivw80t9d,finished,9c3440f,retrieved_count (with max),842.5,False,N/A,N/A,N/A,N/A,N/A,N/A,3.5,10,16,N/A,5090,2026-08-15T02:23:14Z
DemonAttack_wyla6aj7_2000_X,wyla6aj7,finished,d4c0ad6,retrieved_count (with max),171.75,False,N/A,N/A,N/A,N/A,N/A,N/A,3.5,10,16,N/A,2000,2026-08-15T06:21:10Z
Freeway_h39cd3zm_2000_X,h39cd3zm,finished,d4c0ad6,retrieved_count (with max),0,False,N/A,N/A,N/A,N/A,N/A,N/A,3.5,10,16,N/A,2000,2026-08-15T06:45:29Z
Kangaroo_4xumbmww_2000_X,4xumbmww,finished,d4c0ad6,retrieved_count (with max),1470,False,N/A,N/A,N/A,N/A,N/A,N/A,3.5,10,16,N/A,2000,2026-08-15T13:09:25Z
Krull_302gbj88_2000_X,302gbj88,finished,d4c0ad6,retrieved_count (with max),4708.5,False,N/A,N/A,N/A,N/A,N/A,N/A,3.5,10,16,N/A,2000,2026-08-15T13:31:11Z
Assault_xqlr76ij_5090_X,xqlr76ij,finished,9c3440f,retrieved_count (with max),662.4,False,N/A,N/A,N/A,N/A,N/A,N/A,3.5,10,16,N/A,5090,2026-08-15T15:08:39Z
KungFuMaster_5v719v97_2000_X,5v719v97,finished,d4c0ad6,retrieved_count (with max),23815,False,N/A,N/A,N/A,N/A,N/A,N/A,3.5,10,16,N/A,2000,2026-08-15T19:56:00Z
Pong_v63zafer_2000_X,v63zafer,finished,d4c0ad6,retrieved_count (with max),5.7,False,N/A,N/A,N/A,N/A,N/A,N/A,3.5,10,16,N/A,2000,2026-08-15T20:22:42Z
DemonAttack_ceje5gqv_2000_O,ceje5gqv,finished,d4c0ad6,retrieved_count (with max),144.5,True,20000,20000,N/A,N/A,N/A,N/A,3.5,10,16,N/A,2000,2026-08-16T03:20:32Z
Alien_22rpl8xp_2010_X,22rpl8xp,finished,d4c0ad6,retrieved_count (with max),817,False,N/A,N/A,N/A,N/A,N/A,N/A,3.5,10,16,N/A,2010,2026-08-16T03:20:35Z
BankHeist_ab41ct6i_5090_X,ab41ct6i,finished,9c3440f,retrieved_count (with max),521,False,N/A,N/A,N/A,N/A,N/A,N/A,3.5,10,16,N/A,5090,2026-08-16T05:08:53Z
Assault_ckrlgqy9_2010_X,ckrlgqy9,finished,4d949fe,retrieved_count (with max),605.8,False,N/A,N/A,N/A,N/A,N/A,N/A,3.5,10,16,N/A,2010,2026-08-16T10:11:14Z
BankHeist_innwmwhh_2010_X,innwmwhh,finished,4d949fe,retrieved_count (with max),699,False,N/A,N/A,N/A,N/A,N/A,N/A,3.5,10,16,N/A,2010,2026-08-16T11:15:06Z
BattleZone_c42aw4v3_5090_X,c42aw4v3,finished,9c3440f,retrieved_count (with max),9650,False,N/A,N/A,N/A,N/A,N/A,N/A,3.5,10,16,N/A,5090,2026-08-16T14:57:46Z
BattleZone_qzxk63jj_2010_X,qzxk63jj,finished,4d949fe,retrieved_count (with max),15900,False,N/A,N/A,N/A,N/A,N/A,N/A,3.5,10,16,N/A,2010,2026-08-16T16:54:59Z
Kangaroo_8tacn48b_2010_X,8tacn48b,finished,4d949fe,retrieved_count (with max),1730,False,N/A,N/A,N/A,N/A,N/A,N/A,3.5,10,16,N/A,2010,2026-08-16T18:00:39Z
Boxing_53feow6p_5090_X,53feow6p,finished,9c3440f,retrieved_count (with max),88.6,False,N/A,N/A,N/A,N/A,N/A,N/A,3.5,10,16,N/A,5090,2026-08-16T22:02:46Z
Krull_iyv69dz1_2010_X,iyv69dz1,finished,4d949fe,retrieved_count (with max),5913.5,False,N/A,N/A,N/A,N/A,N/A,N/A,3.5,10,16,N/A,2010,2026-08-16T23:40:00Z
KungFuMaster_vo2l3l6a_2010_X,vo2l3l6a,finished,4d949fe,retrieved_count (with max),20895,False,N/A,N/A,N/A,N/A,N/A,N/A,3.5,10,16,N/A,2010,2026-08-17T00:46:30Z
Pong_mbkdzqfm_2010_X,mbkdzqfm,finished,4d949fe,retrieved_count (with max),13.7,False,N/A,N/A,N/A,N/A,N/A,N/A,3.5,10,16,N/A,2010,2026-08-17T06:21:18Z
DemonAttack_prcbs56a_5090_X,prcbs56a,finished,9c3440f,retrieved_count (with max),188,False,N/A,N/A,N/A,N/A,N/A,N/A,3.5,10,16,N/A,5090,2026-08-17T08:47:49Z
Alien_fwk5rywl_2010_O,fwk5rywl,finished,c3f32d3,Unknown (Git error or train.py missing),1130,True,20000,20000,N/A,N/A,N/A,N/A,3.5,10,16,N/A,2010,2026-08-17T09:06:39Z
Qbert_9wc68vrt_2000_X,9wc68vrt,finished,9c89feb,retrieved_count (with max),3193.75,False,N/A,N/A,N/A,N/A,N/A,N/A,3.5,10,16,N/A,2000,2026-08-17T13:08:34Z
Assault_jia38v5u_1_O,jia38v5u,finished,9c89feb,retrieved_count (with max),765.45,True,20000,20000,N/A,N/A,N/A,N/A,3.5,10,16,N/A,1,2026-08-17T14:27:03Z
Assault_07o8zden_2010_O,07o8zden,finished,9c89feb,retrieved_count (with max),732.9,True,20000,20000,N/A,N/A,N/A,N/A,3.5,10,16,N/A,2010,2026-08-17T16:20:46Z
Asterix_3ejw07af_1_O,3ejw07af,finished,9c89feb,retrieved_count (with max),682.5,True,20000,20000,N/A,N/A,N/A,N/A,3.5,10,16,N/A,1,2026-08-17T17:45:52Z
BankHeist_al1c0nxn_2010_O,al1c0nxn,finished,9c89feb,retrieved_count (with max),683,True,70000,70000,N/A,N/A,N/A,N/A,3.5,10,16,N/A,2010,2026-08-17T19:57:47Z
Qbert_d1ysoych_1_O,d1ysoych,finished,9c89feb,retrieved_count (with max),2667.5,True,60000,60000,N/A,N/A,N/A,N/A,3.5,10,16,N/A,1,2026-08-17T20:47:06Z
UpNDown_84acktmr_1_O,84acktmr,finished,9c89feb,retrieved_count (with max),11733,True,20000,20000,N/A,N/A,N/A,N/A,3.5,10,16,N/A,1,2026-08-17T23:34:53Z
BattleZone_ptt1y74h_2010_O,ptt1y74h,finished,9c89feb,retrieved_count (with max),13650,True,20000,20000,N/A,N/A,N/A,N/A,3.5,10,16,N/A,2010,2026-08-18T00:13:09Z
Qbert_md455r0o_10_O,md455r0o,finished,9c89feb,retrieved_count (with max),4221.25,True,60000,60000,N/A,N/A,N/A,N/A,3.5,10,16,N/A,10,2026-08-18T03:01:35Z
Kangaroo_4brm8ls8_2010_O,4brm8ls8,finished,9c89feb,retrieved_count (with max),1750,True,30000,30000,N/A,N/A,N/A,N/A,3.5,10,16,N/A,2010,2026-08-18T03:12:01Z
Jamesbond_m0m5fsuj_1_O,m0m5fsuj,finished,9c89feb,retrieved_count (with max),420,True,70000,70000,N/A,N/A,N/A,N/A,3.5,10,16,N/A,1,2026-08-18T05:47:17Z
Seaquest_0iq0fix7_1_O,0iq0fix7,finished,9c89feb,retrieved_count (with max),523,True,50000,50000,N/A,N/A,N/A,N/A,3.5,10,16,N/A,1,2026-08-18T08:35:24Z
Krull_9a616vte_2010_O,9a616vte,finished,9c89feb,retrieved_count (with max),4948,True,20000,20000,N/A,N/A,N/A,N/A,3.5,10,16,N/A,2010,2026-08-18T10:49:31Z
ChopperCommand_gx5i2iyc_2000_X,gx5i2iyc,finished,1fb1f8d,num_valid_anchors,1470,False,N/A,N/A,N/A,N/A,N/A,N/A,3.5,10,16,N/A,2000,2026-08-18T21:27:56Z
BattleZone_fmqrqzef_2000_O,fmqrqzef,finished,1fb1f8d,num_valid_anchors,6200,True,20000,20000,N/A,N/A,N/A,N/A,3.5,10,16,N/A,2000,2026-08-19T01:07:55Z
BattleZone_ao3zivro_2010_O,ao3zivro,finished,1fb1f8d,num_valid_anchors,15550,True,20000,20000,N/A,N/A,N/A,N/A,3.5,10,16,N/A,2010,2026-08-19T04:18:42Z
Assault_x4pmdsxa_2010_O,x4pmdsxa,finished,e36a984,num_valid_anchors,703.85,True,20000,20000,N/A,N/A,N/A,N/A,3.5,10,16,N/A,2010,2026-08-19T08:46:31Z
DemonAttack_2ywpzauc_2000_O,2ywpzauc,finished,e36a984,num_valid_anchors,126.75,True,20000,20000,N/A,N/A,N/A,N/A,3.5,10,16,N/A,2000,2026-08-19T12:25:51Z
Frostbite_l80bk5nx_10_O,l80bk5nx,finished,5054c4e,num_valid_anchors,2659,True,20000,20000,N/A,N/A,N/A,retrieved,3.5,10,16,N/A,10,2026-08-19T12:57:36Z
Qbert_kdl2k6zy_1_O,kdl2k6zy,finished,5054c4e,num_valid_anchors,1316.25,True,36000,36000,N/A,N/A,N/A,anchors,3.5,10,16,N/A,1,2026-08-19T12:57:51Z
BattleZone_08x5wdbp_5090_O,08x5wdbp,finished,7099555,num_valid_anchors,7600,True,20000,20000,N/A,N/A,N/A,retrieved,3.5,10,16,N/A,5090,2026-08-19T13:07:15Z
Qbert_nms4yv4t_10_O,nms4yv4t,finished,5054c4e,num_valid_anchors,3847.5,True,60000,60000,N/A,N/A,N/A,anchors,3.5,10,16,N/A,10,2026-08-19T15:46:32Z
UpNDown_sr4w62m1_10_O,sr4w62m1,finished,5054c4e,num_valid_anchors,5335.5,True,20000,20000,N/A,N/A,N/A,anchors,3.5,10,16,N/A,10,2026-08-19T15:52:21Z
BattleZone_tn21bnsz_2000_O,tn21bnsz,finished,dc712d4,num_valid_anchors,6100,True,40000,40000,N/A,N/A,N/A,anchors,3.5,10,16,N/A,2000,2026-08-19T17:29:15Z
Asterix_sp5rg3a8_10_O,sp5rg3a8,finished,5054c4e,num_valid_anchors,577.5,True,20000,20000,N/A,N/A,N/A,anchors,3.5,10,16,N/A,10,2026-08-19T18:31:24Z
Alien_f5q3kxjz_10_O,f5q3kxjz,finished,5054c4e,num_valid_anchors,1359.5,True,20000,20000,N/A,N/A,N/A,anchors,3.5,10,16,N/A,10,2026-08-19T19:01:25Z
BattleZone_qjoruu8r_2010_O,qjoruu8r,finished,dc712d4,num_valid_anchors,15300,True,20000,20000,N/A,N/A,N/A,anchors,3.5,10,16,N/A,2010,2026-08-19T21:02:08Z
Assault_hskejlrb_10_O,hskejlrb,finished,5054c4e,num_valid_anchors,731.8,True,20000,20000,N/A,N/A,N/A,anchors,3.5,10,16,N/A,10,2026-08-19T21:34:09Z
ChopperCommand_x1vytybr_10_O,x1vytybr,finished,5054c4e,num_valid_anchors,1740,True,20000,20000,N/A,N/A,N/A,retrieved,3.5,10,16,N/A,10,2026-08-19T21:57:44Z
Gopher_uk4c827s_1_O,uk4c827s,finished,5054c4e,num_valid_anchors,4816,True,60000,60000,N/A,N/A,N/A,anchors,3.5,10,16,N/A,1,2026-08-20T00:46:14Z
Gopher_sfowcdc7_10_O,sfowcdc7,finished,5054c4e,num_valid_anchors,3657,True,60000,60000,N/A,N/A,N/A,anchors,3.5,10,16,N/A,10,2026-08-20T00:57:57Z
Qbert_37vp296n_2000_O,37vp296n,finished,dc712d4,num_valid_anchors,2837.5,True,55000,55000,N/A,N/A,N/A,retrieved,3.5,10,16,N/A,2000,2026-08-20T01:14:41Z
Frostbite_l471uc8d_10_O,l471uc8d,finished,a3c074a,num_valid_anchors,2730,True,-1,20174,3000,N/A,5000,retrieved,3.5,10,16,N/A,10,2026-08-20T10:44:05Z
Frostbite_a3990tzb_710_O,a3990tzb,finished,a3c074a,num_valid_anchors,1896.5,True,-1,17037,3000,N/A,5000,retrieved,3.5,10,16,N/A,710,2026-08-20T10:44:08Z
BattleZone_7jl0utev_2000_O,7jl0utev,finished,fa74da8,num_valid_anchors,7600,True,-1,40007,3000,N/A,5000,retrieved,3.5,10,16,N/A,2000,2026-08-20T10:45:16Z
Alien_yz464uy8_2000_O,yz464uy8,finished,fa74da8,num_valid_anchors,655.5,True,-1,36452,3000,N/A,5000,retrieved,3.5,10,16,N/A,2000,2026-08-20T10:46:48Z
BattleZone_bfqw75ni_5090_O,bfqw75ni,finished,fa74da8,num_valid_anchors,17000,True,-1,56625,3000,N/A,5000,retrieved,3.5,10,16,N/A,5090,2026-08-20T10:47:32Z
Frostbite_76uw5jse_3710_O,76uw5jse,finished,fa74da8,num_valid_anchors,2048,True,-1,17174,3000,N/A,5000,retrieved,3.5,10,16,N/A,3710,2026-08-20T13:39:20Z
Qbert_qol81s4s_10_O,qol81s4s,finished,fa74da8,num_valid_anchors,2226.25,True,-1,54659,3000,N/A,5000,retrieved,3.5,10,16,N/A,10,2026-08-20T13:47:53Z
Qbert_cfz4mz1a_1_O,cfz4mz1a,finished,fa74da8,num_valid_anchors,2492.5,True,-1,36855,3000,N/A,5000,retrieved,3.5,10,16,N/A,1,2026-08-20T16:31:15Z
UpNDown_2spyvb4r_10_O,2spyvb4r,finished,fa74da8,num_valid_anchors,6678,True,-1,29216,3000,N/A,5000,retrieved,3.5,10,16,N/A,10,2026-08-20T16:41:48Z
Assault_e5mk8xe6_2000_O,e5mk8xe6,finished,fa74da8,num_valid_anchors,689.6,True,-1,80002,3000,N/A,5000,retrieved,3.5,10,16,N/A,2000,2026-08-20T19:02:03Z
BankHeist_0tgvyelo_2000_O,0tgvyelo,finished,fa74da8,num_valid_anchors,165.5,True,-1,73971,3000,N/A,5000,retrieved,3.5,10,16,N/A,2000,2026-08-20T19:10:13Z
UpNDown_5x01l0my_1_O,5x01l0my,finished,fa74da8,num_valid_anchors,7879,True,-1,80002,3000,N/A,5000,retrieved,3.5,10,16,N/A,1,2026-08-20T19:15:26Z
Asterix_3l9k8uik_1_O,3l9k8uik,finished,fa74da8,num_valid_anchors,667.5,True,-1,80003,3000,N/A,5000,retrieved,3.5,10,16,N/A,1,2026-08-20T19:45:22Z
ChopperCommand_expbbbku_10_O,expbbbku,finished,fa74da8,num_valid_anchors,2285,True,-1,75726,3000,N/A,5000,retrieved,3.5,10,16,N/A,10,2026-08-20T22:05:45Z
Gopher_m55nzqzv_1_O,m55nzqzv,finished,fa74da8,num_valid_anchors,5117,True,-1,33561,3000,N/A,5000,retrieved,3.5,10,16,N/A,1,2026-08-20T22:28:29Z
Gopher_yaypvlru_10_O,yaypvlru,finished,fa74da8,num_valid_anchors,3151,True,-1,39056,3000,N/A,5000,retrieved,3.5,10,16,N/A,10,2026-08-21T00:51:23Z
Alien_viwyxazd_5090_O,viwyxazd,finished,fa74da8,num_valid_anchors,911,True,-1,59602,3000,N/A,5000,retrieved,3.5,10,16,N/A,5090,2026-08-21T01:00:57Z
MsPacman_ombnx1l4_1_O,ombnx1l4,finished,fa74da8,num_valid_anchors,1423,True,-1,49579,3000,N/A,5000,retrieved,3.5,10,16,N/A,1,2026-08-21T01:27:47Z
Kangaroo_9mxseoyg_2000_O,9mxseoyg,finished,fa74da8,num_valid_anchors,2500,True,-1,32710,3000,N/A,5000,retrieved,3.5,10,16,N/A,2000,2026-08-21T02:54:25Z
Krull_qpgxss3k_2000_O,qpgxss3k,finished,fa74da8,num_valid_anchors,4445,True,-1,71340,3000,N/A,5000,retrieved,3.5,10,16,N/A,2000,2026-08-21T03:10:51Z
MsPacman_fjiqacfa_10_O,fjiqacfa,finished,fa74da8,num_valid_anchors,1891,True,-1,80002,3000,N/A,5000,retrieved,3.5,10,16,N/A,10,2026-08-21T03:49:33Z
Hero_yxurvyre_1_O,yxurvyre,finished,fa74da8,num_valid_anchors,7313,True,-1,67747,3000,N/A,5000,retrieved,3.5,10,16,N/A,1,2026-08-21T04:14:16Z
Frostbite_kuq6lmmz_10_O,kuq6lmmz,finished,09df972,num_valid_anchors,2769.5,True,-1,23176,6000,N/A,5000,retrieved,3.5,10,16,N/A,10,2026-08-21T06:35:57Z
Frostbite_cacr5m5j_710_O,cacr5m5j,finished,09df972,num_valid_anchors,1940.5,True,-1,20037,6000,N/A,5000,retrieved,3.5,10,16,N/A,710,2026-08-21T07:01:46Z
Frostbite_6txqa3g9_3710_O,6txqa3g9,finished,09df972,num_valid_anchors,2761,True,-1,20174,6000,N/A,5000,retrieved,3.5,10,16,N/A,3710,2026-08-21T09:29:22Z
Qbert_p669hwp8_10_O,p669hwp8,finished,09df972,num_valid_anchors,2628.75,True,-1,57659,6000,N/A,5000,retrieved,3.5,10,16,N/A,10,2026-08-21T09:55:25Z
BattleZone_3msu7175_2000_O,3msu7175,finished,09df972,num_valid_anchors,11700,True,-1,43007,6000,N/A,5000,retrieved,3.5,10,16,N/A,2000,2026-08-21T11:24:55Z
Alien_djc43pbf_2000_O,djc43pbf,finished,09df972,num_valid_anchors,710,True,-1,39452,6000,N/A,5000,retrieved,3.5,10,16,N/A,2000,2026-08-21T11:38:22Z
Qbert_cfbs6ucp_1_O,cfbs6ucp,finished,09df972,num_valid_anchors,1998.75,True,-1,39855,6000,N/A,5000,retrieved,3.5,10,16,N/A,1,2026-08-21T12:20:46Z
UpNDown_nfohfv0z_10_O,nfohfv0z,finished,09df972,num_valid_anchors,5112,True,-1,32216,6000,N/A,5000,retrieved,3.5,10,16,N/A,10,2026-08-21T12:39:03Z
UpNDown_u3h9s8pu_1_O,u3h9s8pu,finished,09df972,num_valid_anchors,7293,True,-1,80002,6000,N/A,5000,retrieved,3.5,10,16,N/A,1,2026-08-21T15:05:50Z
Asterix_wjsgkb7j_1_O,wjsgkb7j,finished,09df972,num_valid_anchors,600,True,-1,80003,6000,N/A,5000,retrieved,3.5,10,16,N/A,1,2026-08-21T15:42:33Z
BattleZone_pk6ljfxe_5090_O,pk6ljfxe,finished,c93b77c,num_valid_anchors,9450,True,-1,59625,6000,N/A,5000,retrieved,3.5,10,16,N/A,5090,2026-08-21T16:01:04Z
ChopperCommand_abrljmy0_10_O,abrljmy0,finished,09df972,num_valid_anchors,1780,True,-1,78726,6000,N/A,5000,retrieved,3.5,10,16,N/A,10,2026-08-21T17:55:35Z
Gopher_8p0sjf1a_1_O,8p0sjf1a,finished,09df972,num_valid_anchors,7291,True,-1,36561,6000,N/A,5000,retrieved,3.5,10,16,N/A,1,2026-08-21T18:25:26Z
Assault_rkpckchq_2000_O,rkpckchq,finished,09df972,num_valid_anchors,655.05,True,-1,80002,6000,N/A,5000,retrieved,3.5,10,16,N/A,2000,2026-08-21T20:10:11Z
BankHeist_oido9s72_2000_O,oido9s72,finished,09df972,num_valid_anchors,186,True,-1,76971,6000,N/A,5000,retrieved,3.5,10,16,N/A,2000,2026-08-21T20:25:31Z
Gopher_teugji8z_10_O,teugji8z,finished,09df972,num_valid_anchors,2891,True,-1,42056,6000,N/A,5000,retrieved,3.5,10,16,N/A,10,2026-08-21T20:40:33Z
MsPacman_cusx6nt9_1_O,cusx6nt9,finished,09df972,num_valid_anchors,1600,True,-1,52579,6000,N/A,5000,retrieved,3.5,10,16,N/A,1,2026-08-21T21:23:10Z
MsPacman_nbq0qhao_10_O,nbq0qhao,finished,09df972,num_valid_anchors,1503.5,True,-1,80002,6000,N/A,5000,retrieved,3.5,10,16,N/A,10,2026-08-21T23:37:56Z
Hero_boc3a5fv_1_O,boc3a5fv,finished,09df972,num_valid_anchors,7599,True,-1,70747,6000,N/A,5000,retrieved,3.5,10,16,N/A,1,2026-08-22T00:12:52Z
Frostbite_4mhtdrt9_10_O,4mhtdrt9,finished,b5776d8,num_valid_anchors,2396.5,True,-1,25674,8500,N/A,5000,retrieved,3.5,10,16,N/A,10,2026-08-22T02:22:35Z
Frostbite_z0zt69bx_710_O,z0zt69bx,finished,b5776d8,num_valid_anchors,1929,True,-1,22537,8500,N/A,5000,retrieved,3.5,10,16,N/A,710,2026-08-22T03:02:39Z
BattleZone_p2b5gwx5_5090_O,p2b5gwx5,finished,b5776d8,num_valid_anchors,10850,True,-1,62125,8500,N/A,5000,retrieved,3.5,10,16,N/A,5090,2026-08-22T03:21:13Z
Frostbite_i0qt3cv2_3710_O,i0qt3cv2,finished,63dbc57,num_valid_anchors,3003.5,True,-1,22674,8500,N/A,5000,retrieved,3.5,10,16,N/A,3710,2026-08-22T05:16:10Z
Qbert_7apsyxs8_10_O,7apsyxs8,finished,63dbc57,num_valid_anchors,3787.5,True,-1,60159,8500,N/A,5000,retrieved,3.5,10,16,N/A,10,2026-08-22T05:54:08Z
Qbert_y5k1i1w4_1_O,y5k1i1w4,finished,63dbc57,num_valid_anchors,2491.25,True,-1,42355,8500,N/A,5000,retrieved,3.5,10,16,N/A,1,2026-08-22T08:10:42Z
BattleZone_jeq65hog_2000_O,jeq65hog,finished,b5776d8,num_valid_anchors,5150,True,-1,45507,8500,N/A,5000,retrieved,3.5,10,16,N/A,2000,2026-08-22T08:46:24Z
Alien_of9yt883_2000_O,of9yt883,finished,b5776d8,num_valid_anchors,650,True,-1,41952,8500,N/A,5000,retrieved,3.5,10,16,N/A,2000,2026-08-22T08:46:26Z
UpNDown_sp8xx2dg_10_O,sp8xx2dg,finished,63dbc57,num_valid_anchors,5717,True,-1,34716,8500,N/A,5000,retrieved,3.5,10,16,N/A,10,2026-08-22T08:48:57Z
UpNDown_o72rioll_1_O,o72rioll,finished,63dbc57,num_valid_anchors,8105.5,True,-1,80002,8500,N/A,5000,retrieved,3.5,10,16,N/A,1,2026-08-22T10:59:57Z
Asterix_hn5x4n3z_1_O,hn5x4n3z,finished,63dbc57,num_valid_anchors,645,True,-1,80003,8500,N/A,5000,retrieved,3.5,10,16,N/A,1,2026-08-22T12:03:02Z
ChopperCommand_zg11xl5c_10_O,zg11xl5c,finished,63dbc57,num_valid_anchors,1710,True,-1,80001,8500,N/A,5000,retrieved,3.5,10,16,N/A,10,2026-08-22T13:51:52Z
Gopher_snmsv0im_1_O,snmsv0im,finished,63dbc57,num_valid_anchors,4599,True,-1,39061,8500,N/A,5000,retrieved,3.5,10,16,N/A,1,2026-08-22T14:55:09Z
Alien_a8bfjelv_1_O,a8bfjelv,finished,802d3e9,num_valid_anchors,1349,True,-1,29171,8500,N/A,5000,retrieved,3.5,10,16,N/A,1,2026-08-22T16:37:24Z
Assault_kk54mfc0_2000_O,kk54mfc0,finished,b5776d8,num_valid_anchors,687.05,True,-1,80002,8500,N/A,5000,retrieved,3.5,10,16,N/A,2000,2026-08-22T16:58:19Z
BankHeist_d3oqy7by_2000_O,d3oqy7by,finished,b5776d8,num_valid_anchors,175.5,True,-1,79471,8500,N/A,5000,retrieved,3.5,10,16,N/A,2000,2026-08-22T17:00:24Z
Amidar_hzqfaef8_1_O,hzqfaef8,finished,802d3e9,num_valid_anchors,125.65,True,-1,80001,8500,N/A,5000,retrieved,3.5,10,16,N/A,1,2026-08-22T17:53:42Z
Alien_2szdt6xl_5090_O,2szdt6xl,finished,b5776d8,num_valid_anchors,887.5,True,-1,65102,8500,N/A,5000,retrieved,3.5,10,16,N/A,5090,2026-08-22T18:01:34Z
Assault_5w8a6ivi_1_O,5w8a6ivi,finished,802d3e9,num_valid_anchors,683,True,-1,80001,8500,N/A,5000,retrieved,3.5,10,16,N/A,1,2026-08-22T19:28:25Z
Asterix_nzoka2vu_10_O,nzoka2vu,finished,802d3e9,num_valid_anchors,457.5,True,-1,80002,8500,N/A,5000,retrieved,3.5,10,16,N/A,10,2026-08-22T20:36:48Z
Asterix_vtuz0a2c_3710_O,vtuz0a2c,finished,802d3e9,num_valid_anchors,905,True,-1,34281,8500,N/A,5000,retrieved,3.5,10,16,N/A,3710,2026-08-22T22:17:53Z
Boxing_coufp3ye_10_O,coufp3ye,finished,802d3e9,num_valid_anchors,74.85,True,-1,71454,8500,N/A,5000,retrieved,3.5,10,16,N/A,10,2026-08-22T23:20:37Z
Kangaroo_mni8u1ot_2000_O,mni8u1ot,finished,b5776d8,num_valid_anchors,2810,True,-1,38210,8500,N/A,5000,retrieved,3.5,10,16,N/A,2000,2026-08-23T00:29:38Z
Krull_m0hr9t75_2000_O,m0hr9t75,finished,b5776d8,num_valid_anchors,5380.5,True,-1,76840,8500,N/A,5000,retrieved,3.5,10,16,N/A,2000,2026-08-23T00:30:29Z
Breakout_pg5g1put_10_O,pg5g1put,finished,802d3e9,num_valid_anchors,13.65,True,-1,24186,8500,N/A,5000,retrieved,3.5,10,16,N/A,10,2026-08-23T01:16:09Z
Breakout_e08pjztn_3710_O,e08pjztn,finished,802d3e9,num_valid_anchors,13.3,True,-1,24238,8500,N/A,5000,retrieved,3.5,10,16,N/A,3710,2026-08-23T02:11:02Z
Frostbite_je1cs73p_10_O,je1cs73p,finished,802d3e9,num_valid_anchors,2198.5,True,80000,80000,8500,N/A,79999,retrieved,3.5,10,16,N/A,10,2026-08-23T04:24:09Z
Amidar_tzqcylw4_5090_O,tzqcylw4,finished,b5776d8,num_valid_anchors,206.15,True,-1,80001,8500,N/A,5000,retrieved,3.5,10,16,N/A,5090,2026-08-23T04:30:59Z
Frostbite_v69pjl5i_710_O,v69pjl5i,finished,802d3e9,num_valid_anchors,2086,True,80000,80000,8500,N/A,79999,retrieved,3.5,10,16,N/A,710,2026-08-23T05:14:41Z
Frostbite_sh3u8r3o_3710_O,sh3u8r3o,finished,802d3e9,num_valid_anchors,2881,True,-1,22674,8500,N/A,5000,retrieved,3.5,10,16,N/A,3710,2026-08-23T07:20:44Z
Krull_6lfrybqt_2010_O,6lfrybqt,finished,b5776d8,num_valid_anchors,5598,True,-1,49129,8500,N/A,5000,retrieved,3.5,10,16,N/A,2010,2026-08-23T07:42:42Z
BattleZone_hnkw5yrg_2000_O,hnkw5yrg,finished,b5776d8,num_valid_anchors,5000,True,-1,45507,8500,N/A,5000,retrieved,3.5,10,16,N/A,2000,2026-08-23T08:19:55Z
Qbert_7ac3pjjm_10_O,7ac3pjjm,finished,802d3e9,num_valid_anchors,2170,True,-1,60159,8500,N/A,5000,retrieved,3.5,10,16,N/A,10,2026-08-23T08:20:45Z
Frostbite_814ff43z_10_O,814ff43z,finished,14d8e3e,num_valid_anchors,2640,True,50000,50000,8500,N/A,60000,retrieved,3.5,10,16,N/A,10,2026-08-23T12:35:34Z
Frostbite_i5j4o6db_710_O,i5j4o6db,finished,14d8e3e,num_valid_anchors,2078,True,50000,50000,8500,N/A,60000,retrieved,3.5,10,16,N/A,710,2026-08-23T12:35:37Z
BattleZone_o9shvaaz_2000_O,o9shvaaz,finished,6591666,num_valid_anchors,6550,True,50000,50000,8500,N/A,60000,retrieved,3.5,10,16,N/A,2000,2026-08-23T15:05:07Z
Frostbite_7grch0ag_3710_O,7grch0ag,finished,6591666,num_valid_anchors,2588.5,True,50000,50000,8500,N/A,60000,retrieved,3.5,10,16,N/A,3710,2026-08-23T15:28:50Z
Qbert_tjxz5e0i_10_O,tjxz5e0i,finished,6591666,num_valid_anchors,3447.5,True,50000,50000,8500,N/A,60000,retrieved,3.5,10,16,N/A,10,2026-08-23T15:37:13Z
Krull_d57lxg2j_2000_O,d57lxg2j,finished,6591666,num_valid_anchors,5354,True,50000,50000,8500,N/A,60000,retrieved,3.5,10,16,N/A,2000,2026-08-23T15:41:04Z
BattleZone_qf4ivvsc_5090_O,qf4ivvsc,finished,6591666,num_valid_anchors,11150,True,50000,50000,8500,N/A,60000,retrieved,3.5,10,16,N/A,5090,2026-08-23T17:59:31Z
Qbert_xonmpjl1_1_O,xonmpjl1,finished,6591666,num_valid_anchors,2217.5,True,50000,50000,8500,N/A,60000,retrieved,3.5,10,16,N/A,1,2026-08-23T18:20:53Z
Qbert_4ecucjzx_3710_O,4ecucjzx,finished,6591666,num_valid_anchors,2882.5,True,50000,50000,8500,N/A,60000,retrieved,3.5,10,16,N/A,3710,2026-08-23T18:28:11Z
Alien_qh75s645_1_O,qh75s645,finished,6591666,num_valid_anchors,1172.5,True,50000,50000,8500,N/A,60000,retrieved,3.5,10,16,N/A,1,2026-08-23T21:08:08Z
Amidar_f3a57i85_1_O,f3a57i85,finished,6591666,num_valid_anchors,103.2,True,50000,50000,8500,N/A,60000,retrieved,3.5,10,16,N/A,1,2026-08-23T21:28:11Z
Alien_7n4eixoc_2000_O,7n4eixoc,finished,6591666,num_valid_anchors,683.5,True,50000,50000,8500,N/A,60000,retrieved,3.5,10,16,N/A,2000,2026-08-23T22:30:43Z
Assault_7r5tabpr_2000_O,7r5tabpr,finished,6591666,num_valid_anchors,639.85,True,50000,50000,8500,N/A,60000,retrieved,3.5,10,16,N/A,2000,2026-08-23T23:07:19Z
Assault_u8duyr9l_1_O,u8duyr9l,finished,6591666,num_valid_anchors,775.95,True,50000,50000,8500,N/A,60000,retrieved,3.5,10,16,N/A,1,2026-08-23T23:53:36Z
Asterix_scyu26iu_10_O,scyu26iu,finished,6591666,num_valid_anchors,480,True,50000,50000,8500,N/A,60000,retrieved,3.5,10,16,N/A,10,2026-08-24T00:29:50Z
Frostbite_h082g1xd_10_O,h082g1xd,finished,75948bb,num_valid_anchors,2194.5,True,-1,45003,3000,45000,5000,retrieved,3.5,10,16,N/A,10,2026-08-24T03:02:13Z
Frostbite_ukog7lzi_710_O,ukog7lzi,finished,c62935d,num_valid_anchors,1592,True,-1,45004,3000,45000,5000,retrieved,3.5,10,16,N/A,710,2026-08-24T03:24:07Z
Frostbite_3lhyj3l4_3710_O,3lhyj3l4,finished,c62935d,num_valid_anchors,1731.5,True,-1,45002,3000,45000,5000,retrieved,3.5,10,16,N/A,3710,2026-08-24T05:58:59Z
BattleZone_tlbegyb8_2000_O,tlbegyb8,finished,c62935d,num_valid_anchors,7900,True,-1,45001,3000,45000,5000,retrieved,3.5,10,16,N/A,2000,2026-08-24T06:00:07Z
BattleZone_dzjqrb4c_5090_O,dzjqrb4c,finished,c62935d,num_valid_anchors,11300,True,-1,53625,3000,45000,5000,retrieved,3.5,10,16,N/A,5090,2026-08-24T06:14:25Z
Qbert_6vhixqm2_10_O,6vhixqm2,finished,c62935d,num_valid_anchors,3777.5,True,-1,51659,3000,45000,5000,retrieved,3.5,10,16,N/A,10,2026-08-24T06:19:49Z
BattleZone_aeacpjqz_2010_O,aeacpjqz,finished,c62935d,num_valid_anchors,14800,True,-1,80001,3000,45000,5000,retrieved,3.5,10,16,N/A,2010,2026-08-24T06:42:54Z
Frostbite_nrl0ui04_10_O,nrl0ui04,finished,2c49f71,num_valid_anchors,2173.5,True,-1,50003,3000,50000,5000,retrieved,3.5,10,16,N/A,10,2026-08-24T08:49:26Z
Frostbite_pv510v4m_710_O,pv510v4m,finished,2c49f71,num_valid_anchors,2254,True,-1,50002,3000,50000,5000,retrieved,3.5,10,16,N/A,710,2026-08-24T09:17:08Z
Frostbite_mw8hm1co_10_O,mw8hm1co,finished,2c49f71,num_valid_anchors,2142,True,-1,50003,3000,50000,5000,retrieved,3.5,10,16,N/A,10,2026-08-24T11:41:39Z
Frostbite_1b2lwnij_710_O,1b2lwnij,finished,2c49f71,num_valid_anchors,2319.5,True,-1,50002,3000,50000,5000,retrieved,3.5,10,16,N/A,710,2026-08-24T12:08:57Z
BattleZone_ei358dm5_2000_O,ei358dm5,finished,2c49f71,num_valid_anchors,7950,True,-1,50001,3000,50000,5000,retrieved,3.5,10,16,N/A,2000,2026-08-24T13:15:34Z
Krull_wvqrfh7e_2000_O,wvqrfh7e,finished,2c49f71,num_valid_anchors,3499,True,-1,68340,3000,50000,5000,retrieved,3.5,10,16,N/A,2000,2026-08-24T13:43:35Z
Frostbite_nhklfl57_3710_O,nhklfl57,finished,2c49f71,num_valid_anchors,2799,True,-1,50002,3000,50000,5000,retrieved,3.5,10,16,N/A,3710,2026-08-24T14:35:02Z
Frostbite_fvazzemp_10_O,fvazzemp,finished,2a68a7b,num_valid_anchors,2424.5,True,5000,5000,3000,50000,5000,retrieved,3.5,10,16,N/A,10,2026-08-24T15:01:12Z
Frostbite_a0kbe0ki_710_O,a0kbe0ki,finished,2a68a7b,num_valid_anchors,248.5,True,5000,5000,3000,50000,5000,retrieved,3.5,10,16,N/A,710,2026-08-24T17:29:11Z
Frostbite_1ynzwfsi_3710_O,1ynzwfsi,finished,2a68a7b,num_valid_anchors,260,True,5000,5000,3000,50000,5000,retrieved,3.5,10,16,N/A,3710,2026-08-24T18:08:11Z
Qbert_649hbysj_10_O,649hbysj,finished,2a68a7b,num_valid_anchors,1870,True,5000,5000,3000,50000,5000,retrieved,3.5,10,16,N/A,10,2026-08-24T20:34:45Z
Qbert_vlkfjsmr_1_O,vlkfjsmr,finished,2a68a7b,num_valid_anchors,1816.25,True,5000,5000,3000,50000,5000,retrieved,3.5,10,16,N/A,1,2026-08-24T21:03:57Z
Frostbite_wycw1b0r_10_O,wycw1b0r,finished,ae8b006,num_valid_anchors,2350.5,True,50000,50000,3000,50000,5000,retrieved,3.5,10,16,N/A,10,2026-08-25T00:43:17Z
Frostbite_jlidh3jn_710_O,jlidh3jn,finished,ae8b006,num_valid_anchors,2443,True,50000,50000,3000,50000,5000,retrieved,3.5,10,16,N/A,710,2026-08-25T00:43:20Z
BattleZone_ut8gyi6k_2000_O,ut8gyi6k,finished,ccbe43f,num_valid_anchors,5500,True,50000,50000,3000,50000,5000,retrieved,3.5,10,16,N/A,2000,2026-08-25T00:47:18Z
BattleZone_3ng2kldu_2010_O,3ng2kldu,finished,ccbe43f,num_valid_anchors,14250,True,50000,50000,3000,50000,5000,retrieved,3.5,10,16,N/A,2010,2026-08-25T00:47:21Z
BattleZone_p81hm0xr_5090_O,p81hm0xr,finished,ccbe43f,num_valid_anchors,13050,True,50000,50000,3000,50000,5000,retrieved,3.5,10,16,N/A,5090,2026-08-25T01:32:56Z
Frostbite_5oxxgf7p_3710_O,5oxxgf7p,finished,ae8b006,num_valid_anchors,2779,True,50000,50000,3000,50000,5000,retrieved,3.5,10,16,N/A,3710,2026-08-25T03:33:48Z
Qbert_c73nxpik_10_O,c73nxpik,finished,ae8b006,num_valid_anchors,4056.25,True,50000,50000,3000,50000,5000,retrieved,3.5,10,16,N/A,10,2026-08-25T03:33:49Z
Qbert_amt1mc3t_1_O,amt1mc3t,finished,ae8b006,num_valid_anchors,2702.5,True,50000,50000,3000,50000,5000,retrieved,3.5,10,16,N/A,1,2026-08-25T06:19:42Z
Qbert_z1odxxun_3710_O,z1odxxun,finished,ae8b006,num_valid_anchors,2338.75,True,50000,50000,3000,50000,5000,retrieved,3.5,10,16,N/A,3710,2026-08-25T06:23:42Z
Krull_o95qsxqb_2000_O,o95qsxqb,finished,ccbe43f,num_valid_anchors,5279.5,True,50000,50000,3000,50000,5000,retrieved,3.5,10,16,N/A,2000,2026-08-25T08:06:59Z
Krull_x1yt4x58_2010_O,x1yt4x58,finished,ccbe43f,num_valid_anchors,5889.5,True,50000,50000,3000,50000,5000,retrieved,3.5,10,16,N/A,2010,2026-08-25T08:12:42Z
Alien_w86l96dk_1_O,w86l96dk,finished,ae8b006,num_valid_anchors,1510,True,50000,50000,3000,50000,5000,retrieved,3.5,10,16,N/A,1,2026-08-25T09:14:20Z
Amidar_udoyarw1_1_O,udoyarw1,finished,ae8b006,num_valid_anchors,169.45,True,50000,50000,3000,50000,5000,retrieved,3.5,10,16,N/A,1,2026-08-25T09:20:26Z
Assault_u76ki0du_1_O,u76ki0du,finished,ae8b006,num_valid_anchors,779.45,True,50000,50000,3000,50000,5000,retrieved,3.5,10,16,N/A,1,2026-08-25T12:03:46Z
Asterix_fojusqfp_10_O,fojusqfp,finished,ae8b006,num_valid_anchors,600,True,50000,50000,3000,50000,5000,retrieved,3.5,10,16,N/A,10,2026-08-25T12:22:14Z
Alien_c3ncma1f_5090_O,c3ncma1f,finished,ccbe43f,num_valid_anchors,864,True,50000,50000,3000,50000,5000,retrieved,3.5,10,16,N/A,5090,2026-08-25T13:24:51Z
Asterix_ct94v1iw_3710_O,ct94v1iw,finished,ae8b006,num_valid_anchors,545,True,50000,50000,3000,50000,5000,retrieved,3.5,10,16,N/A,3710,2026-08-25T15:10:51Z
Boxing_8sx4y0ct_10_O,8sx4y0ct,finished,ae8b006,num_valid_anchors,76.15,True,50000,50000,3000,50000,5000,retrieved,3.5,10,16,N/A,10,2026-08-25T15:16:38Z
Alien_6canyrhp_2000_O,6canyrhp,finished,ccbe43f,num_valid_anchors,743.5,True,50000,50000,3000,50000,5000,retrieved,3.5,10,16,N/A,2000,2026-08-25T15:23:04Z
Assault_ik8yz2lw_2000_O,ik8yz2lw,finished,ccbe43f,num_valid_anchors,666.55,True,50000,50000,3000,50000,5000,retrieved,3.5,10,16,N/A,2000,2026-08-25T15:28:19Z
Breakout_25pg963s_10_O,25pg963s,finished,ae8b006,num_valid_anchors,12.7,True,50000,50000,3000,50000,5000,retrieved,3.5,10,16,N/A,10,2026-08-25T18:11:59Z
Breakout_jzgh0p3a_3710_O,jzgh0p3a,finished,ae8b006,num_valid_anchors,15.1,True,50000,50000,3000,50000,5000,retrieved,3.5,10,16,N/A,3710,2026-08-25T18:15:08Z
ChopperCommand_6rblogus_710_O,6rblogus,finished,ae8b006,num_valid_anchors,970,True,50000,50000,3000,50000,5000,retrieved,3.5,10,16,N/A,710,2026-08-25T21:03:28Z
ChopperCommand_fhlq8r7s_3710_O,fhlq8r7s,finished,ae8b006,num_valid_anchors,1445,True,50000,50000,3000,50000,5000,retrieved,3.5,10,16,N/A,3710,2026-08-25T21:12:53Z
Amidar_kyeonn2o_5090_O,kyeonn2o,finished,ccbe43f,num_valid_anchors,147.8,True,50000,50000,3000,50000,5000,retrieved,3.5,10,16,N/A,5090,2026-08-25T22:19:29Z
BankHeist_ceqgjdng_2000_O,ceqgjdng,finished,ccbe43f,num_valid_anchors,169.5,True,50000,50000,3000,50000,5000,retrieved,3.5,10,16,N/A,2000,2026-08-25T22:40:25Z
Kangaroo_vb9yu9sk_2000_O,vb9yu9sk,finished,ccbe43f,num_valid_anchors,1590,True,50000,50000,3000,50000,5000,retrieved,3.5,10,16,N/A,2000,2026-08-25T23:05:43Z
CrazyClimber_jaj4v6zz_3710_O,jaj4v6zz,finished,980b727,num_valid_anchors,53655,True,50000,50000,3000,50000,5000,retrieved,3.5,10,16,N/A,3710,2026-08-26T03:20:25Z
KungFuMaster_fbbwodgs_2000_O,fbbwodgs,finished,ccbe43f,num_valid_anchors,20245,True,50000,50000,3000,50000,5000,retrieved,3.5,10,16,N/A,2000,2026-08-26T06:02:20Z
Pong_0p0mw23k_2000_O,0p0mw23k,finished,ccbe43f,num_valid_anchors,9.8,True,50000,50000,3000,50000,5000,retrieved,3.5,10,16,N/A,2000,2026-08-26T06:27:12Z
BattleZone_xvqt6x89_5090_O,xvqt6x89,finished,be2784f,num_valid_anchors,11950,True,-1,53625,3000,20000,5000,retrieved,3.5,10,16,N/A,5090,2026-08-26T09:52:18Z
Frostbite_ip93mbki_10_O,ip93mbki,finished,be2784f,num_valid_anchors,2293.5,True,-1,20003,3000,20000,5000,retrieved,3.5,10,16,N/A,10,2026-08-26T10:31:09Z
Frostbite_qw6u4tmx_710_O,qw6u4tmx,finished,be2784f,num_valid_anchors,2391,True,-1,20002,3000,20000,5000,retrieved,3.5,10,16,N/A,710,2026-08-26T12:16:26Z
Frostbite_6ra3q6rn_3710_O,6ra3q6rn,finished,be2784f,num_valid_anchors,2323,True,-1,20002,3000,20000,5000,retrieved,3.5,10,16,N/A,3710,2026-08-26T13:38:56Z
BattleZone_6ipnvq5i_2000_O,6ipnvq5i,finished,be2784f,num_valid_anchors,5750,True,-1,37007,3000,20000,5000,retrieved,3.5,10,16,N/A,2000,2026-08-26T13:53:46Z
BattleZone_ojcf7kyq_2010_O,ojcf7kyq,finished,be2784f,num_valid_anchors,16300,True,-1,90001,3000,20000,5000,retrieved,3.5,10,16,N/A,2010,2026-08-26T14:18:06Z
Qbert_7pdfcnet_10_O,7pdfcnet,finished,be2784f,num_valid_anchors,1480,True,-1,51659,3000,20000,5000,retrieved,3.5,10,16,N/A,10,2026-08-26T15:12:49Z
Qbert_l6ahcq4x_1_O,l6ahcq4x,finished,be2784f,num_valid_anchors,2701.25,True,-1,33855,3000,20000,5000,retrieved,3.5,10,16,N/A,1,2026-08-26T16:32:39Z
Qbert_cm6ibxi6_3710_O,cm6ibxi6,finished,be2784f,num_valid_anchors,2593.75,True,-1,20003,3000,20000,5000,retrieved,3.5,10,16,N/A,3710,2026-08-26T18:01:52Z
Alien_fumxny3i_1_O,fumxny3i,finished,be2784f,num_valid_anchors,983,True,-1,20671,3000,20000,5000,retrieved,3.5,10,16,N/A,1,2026-08-26T19:21:37Z
Amidar_k26o75oe_1_O,k26o75oe,finished,be2784f,num_valid_anchors,153.75,True,-1,74351,3000,20000,5000,retrieved,3.5,10,16,N/A,1,2026-08-26T20:55:13Z
Assault_zhraza4t_1_O,zhraza4t,finished,be2784f,num_valid_anchors,732.35,True,-1,90001,3000,20000,5000,retrieved,3.5,10,16,N/A,1,2026-08-26T22:10:38Z
Frostbite_26s8ihbt_10_O,26s8ihbt,finished,cc2fddb,num_valid_anchors,2703,True,60000,60000,3000,20000,5000,retrieved,3.5,10,16,N/A,10,2026-08-26T23:48:53Z
Alien_cxx91ikm_2000_O,cxx91ikm,finished,cc2fddb,num_valid_anchors,680,True,60000,60000,3000,20000,5000,retrieved,3.5,10,16,N/A,2000,2026-08-26T23:57:26Z
Assault_yuy4g3q5_2000_O,yuy4g3q5,finished,cc2fddb,num_valid_anchors,616.3,True,60000,60000,3000,20000,5000,retrieved,3.5,10,16,N/A,2000,2026-08-26T23:57:28Z
Alien_jrbzuj4r_5090_O,jrbzuj4r,finished,be2784f,num_valid_anchors,799.5,True,-1,56602,3000,20000,5000,retrieved,3.5,10,16,N/A,5090,2026-08-27T00:37:01Z
Frostbite_sq7mvk2j_710_O,sq7mvk2j,finished,cc2fddb,num_valid_anchors,1873,True,60000,60000,3000,20000,5000,retrieved,3.5,10,16,N/A,710,2026-08-27T01:02:54Z
Frostbite_b4gtlqa3_3710_O,b4gtlqa3,finished,cc2fddb,num_valid_anchors,2814.5,True,60000,60000,3000,20000,5000,retrieved,3.5,10,16,N/A,3710,2026-08-27T03:09:42Z
Qbert_ynfxmm3k_10_O,ynfxmm3k,finished,cc2fddb,num_valid_anchors,3393.75,True,60000,60000,3000,20000,5000,retrieved,3.5,10,16,N/A,10,2026-08-27T04:02:36Z
BattleZone_8gubpw1v_2000_O,8gubpw1v,finished,cc2fddb,num_valid_anchors,7150,True,60000,60000,3000,20000,5000,retrieved,3.5,10,16,N/A,2000,2026-08-27T08:12:57Z
BattleZone_snnlctrd_2010_O,snnlctrd,finished,cc2fddb,num_valid_anchors,14050,True,60000,60000,3000,20000,5000,retrieved,3.5,10,16,N/A,2010,2026-08-27T08:17:00Z
Qbert_pfmxwo9j_1_O,pfmxwo9j,finished,0b6fbd4,num_valid_anchors,3285,True,60000,60000,3000,20000,5000,retrieved,3.5,10,16,N/A,1,2026-08-27T15:05:29Z
Qbert_7lusf6ev_3710_O,7lusf6ev,finished,0b6fbd4,num_valid_anchors,2695,True,60000,60000,3000,20000,5000,retrieved,3.5,10,16,N/A,3710,2026-08-27T15:05:32Z
Krull_qud7pipx_2000_O,qud7pipx,finished,0b6fbd4,num_valid_anchors,4330,True,60000,60000,3000,20000,5000,retrieved,3.5,10,16,N/A,2000,2026-08-27T15:32:26Z
Amidar_vpaeydrx_5090_O,vpaeydrx,finished,be2784f,num_valid_anchors,192.6,True,-1,90001,3000,20000,5000,retrieved,3.5,10,16,N/A,5090,2026-08-27T15:45:08Z
Krull_35m8bcuz_2010_O,35m8bcuz,finished,0b6fbd4,num_valid_anchors,5190,True,60000,60000,3000,20000,5000,retrieved,3.5,10,16,N/A,2010,2026-08-27T15:48:49Z
Alien_rn002wm5_1_O,rn002wm5,finished,0b6fbd4,num_valid_anchors,1065.5,True,60000,60000,3000,20000,5000,retrieved,3.5,10,16,N/A,1,2026-08-27T17:50:25Z
Amidar_ptpioq2v_1_O,ptpioq2v,finished,0b6fbd4,num_valid_anchors,108.4,True,60000,60000,3000,20000,5000,retrieved,3.5,10,16,N/A,1,2026-08-27T18:02:31Z
Assault_7rv1july_1_O,7rv1july,finished,0b6fbd4,num_valid_anchors,738.65,True,60000,60000,3000,20000,5000,retrieved,3.5,10,16,N/A,1,2026-08-27T20:33:26Z
Asterix_sohz0sb0_10_O,sohz0sb0,finished,0b6fbd4,num_valid_anchors,622.5,True,60000,60000,3000,20000,5000,retrieved,3.5,10,16,N/A,10,2026-08-27T20:50:11Z
BankHeist_r1e8e547_2000_O,r1e8e547,finished,0b6fbd4,num_valid_anchors,155.5,True,60000,60000,3000,20000,5000,retrieved,3.5,10,16,N/A,2000,2026-08-27T22:56:54Z
Kangaroo_z6z7r1px_2000_O,z6z7r1px,finished,0b6fbd4,num_valid_anchors,1450,True,60000,60000,3000,20000,5000,retrieved,3.5,10,16,N/A,2000,2026-08-27T23:09:15Z
Frostbite_nbqrmfba_10_O,nbqrmfba,finished,0b6fbd4,num_valid_anchors,2282.5,True,40000,40000,3000,20000,5000,retrieved,3.5,10,16,N/A,10,2026-08-28T00:56:39Z
Frostbite_emqc78e7_710_O,emqc78e7,finished,0b6fbd4,num_valid_anchors,1957,True,40000,40000,3000,20000,5000,retrieved,3.5,10,16,N/A,710,2026-08-28T02:06:41Z
Frostbite_0p8v93qw_3710_O,0p8v93qw,finished,0b6fbd4,num_valid_anchors,2859.5,True,40000,40000,3000,20000,5000,retrieved,3.5,10,16,N/A,3710,2026-08-28T04:02:34Z
Qbert_1j13nt0y_10_O,1j13nt0y,finished,0b6fbd4,num_valid_anchors,1551.25,True,40000,40000,3000,20000,5000,retrieved,3.5,10,16,N/A,10,2026-08-28T05:08:01Z
BattleZone_5u4qpfps_2000_O,5u4qpfps,finished,0b6fbd4,num_valid_anchors,6850,True,40000,40000,3000,20000,5000,retrieved,3.5,10,16,N/A,2000,2026-08-28T06:22:21Z
Amidar_9e32wvx1_2000_O,9e32wvx1,finished,5da3be8,num_valid_anchors,129.4,True,50000,50000,3000,20000,5000,retrieved,3.5,10,16,N/A,2000,2026-08-28T06:36:55Z
Qbert_xiph2t3p_3710_X,xiph2t3p,finished,5da3be8,num_valid_anchors,2940,False,N/A,N/A,3000,20000,5000,retrieved,3.5,10,16,N/A,3710,2026-08-28T06:53:30Z
Amidar_rzvmg6ep_1_X,rzvmg6ep,finished,5da3be8,num_valid_anchors,194.95,False,N/A,N/A,3000,20000,5000,retrieved,3.5,10,16,N/A,1,2026-08-28T07:58:09Z
Frostbite_b7ey2flp_6000_X,b7ey2flp,finished,c2bb03c,num_valid_anchors,2639,False,N/A,N/A,3000,20000,5000,retrieved,3.5,10,16,N/A,6000,2026-08-28T08:26:19Z
Frostbite_k103suuy_6000_O,k103suuy,finished,c2bb03c,num_valid_anchors,2474,True,50000,50000,3000,20000,5000,retrieved,3.5,10,16,N/A,6000,2026-08-28T08:27:03Z
Frostbite_8ezvqk8p_6010_X,8ezvqk8p,finished,c2bb03c,num_valid_anchors,255,False,N/A,N/A,3000,20000,5000,retrieved,3.5,10,16,N/A,6010,2026-08-28T08:27:36Z
Frostbite_vdgyhl39_6010_O,vdgyhl39,finished,c2bb03c,num_valid_anchors,251,True,50000,50000,3000,20000,5000,retrieved,3.5,10,16,N/A,6010,2026-08-28T08:27:45Z
Asterix_1jd8nkls_10_X,1jd8nkls,finished,5da3be8,num_valid_anchors,530,False,N/A,N/A,3000,20000,5000,retrieved,3.5,10,16,N/A,10,2026-08-28T09:30:09Z
Asterix_0594ds6t_3710_X,0594ds6t,finished,5da3be8,num_valid_anchors,562.5,False,N/A,N/A,3000,20000,5000,retrieved,3.5,10,16,N/A,3710,2026-08-28T10:36:48Z
Boxing_184vzsq3_10_X,184vzsq3,finished,5da3be8,num_valid_anchors,68.6,False,N/A,N/A,3000,20000,5000,retrieved,3.5,10,16,N/A,10,2026-08-28T12:15:39Z
Breakout_km8e9105_10_X,km8e9105,finished,5da3be8,num_valid_anchors,11.4,False,N/A,N/A,3000,20000,5000,retrieved,3.5,10,16,N/A,10,2026-08-28T13:14:22Z
UpNDown_0tmu53og_6000_X,0tmu53og,finished,c2bb03c,num_valid_anchors,6104.5,False,N/A,N/A,3000,20000,5000,retrieved,3.5,10,16,N/A,6000,2026-08-28T13:25:02Z
UpNDown_n9qrg0xz_6000_O,n9qrg0xz,finished,c2bb03c,num_valid_anchors,6043,True,50000,50000,3000,20000,5000,retrieved,3.5,10,16,N/A,6000,2026-08-28T13:25:44Z
UpNDown_8yec9n7j_6010_X,8yec9n7j,finished,c2bb03c,num_valid_anchors,5752.5,False,N/A,N/A,3000,20000,5000,retrieved,3.5,10,16,N/A,6010,2026-08-28T13:35:32Z
UpNDown_n7mei9h1_6010_O,n7mei9h1,finished,c2bb03c,num_valid_anchors,6658,True,50000,50000,3000,20000,5000,retrieved,3.5,10,16,N/A,6010,2026-08-28T13:48:54Z
Boxing_ut7qlpz8_2000_O,ut7qlpz8,finished,5da3be8,num_valid_anchors,78.5,True,50000,50000,3000,20000,5000,retrieved,3.5,10,16,N/A,2000,2026-08-28T14:15:43Z
Breakout_4pm5b0eb_2000_O,4pm5b0eb,finished,5da3be8,num_valid_anchors,9.3,True,50000,50000,3000,20000,5000,retrieved,3.5,10,16,N/A,2000,2026-08-28T14:20:07Z
Breakout_21dfi122_3710_X,21dfi122,finished,5da3be8,num_valid_anchors,14,False,N/A,N/A,3000,20000,5000,retrieved,3.5,10,16,N/A,3710,2026-08-28T15:01:44Z
ChopperCommand_sz253i2k_710_X,sz253i2k,finished,5da3be8,num_valid_anchors,1980,False,N/A,N/A,3000,20000,5000,retrieved,3.5,10,16,N/A,710,2026-08-28T15:51:42Z
ChopperCommand_5ih832yt_3710_X,5ih832yt,finished,5da3be8,num_valid_anchors,1345,False,N/A,N/A,3000,20000,5000,retrieved,3.5,10,16,N/A,3710,2026-08-28T17:39:29Z
UpNDown_7pp2pihj_6020_X,7pp2pihj,finished,c2bb03c,num_valid_anchors,3095,False,N/A,N/A,3000,20000,5000,retrieved,3.5,10,16,N/A,6020,2026-08-28T18:25:06Z
UpNDown_ii8y5agx_6020_O,ii8y5agx,finished,c2bb03c,num_valid_anchors,2974.5,True,50000,50000,3000,20000,5000,retrieved,3.5,10,16,N/A,6020,2026-08-28T18:35:01Z
CrazyClimber_7yhsfsa7_10_X,7yhsfsa7,finished,5da3be8,num_valid_anchors,46620,False,N/A,N/A,3000,20000,5000,retrieved,3.5,10,16,N/A,10,2026-08-28T18:35:44Z
Qbert_h30vjlr1_6000_X,h30vjlr1,finished,c2bb03c,num_valid_anchors,3095,False,N/A,N/A,3000,20000,5000,retrieved,3.5,10,16,N/A,6000,2026-08-28T18:57:15Z
Qbert_xp0j5gtz_6000_O,xp0j5gtz,finished,c2bb03c,num_valid_anchors,2895,True,50000,50000,3000,20000,5000,retrieved,3.5,10,16,N/A,6000,2026-08-28T19:21:22Z
CrazyClimber_4ngtu7az_10_O,4ngtu7az,finished,5da3be8,num_valid_anchors,56795,True,50000,50000,3000,20000,5000,retrieved,3.5,10,16,N/A,10,2026-08-28T20:17:23Z
CrazyClimber_sbhhiqzl_3710_X,sbhhiqzl,finished,5da3be8,num_valid_anchors,66125,False,N/A,N/A,3000,20000,5000,retrieved,3.5,10,16,N/A,3710,2026-08-28T21:25:28Z
ChopperCommand_nh0sgtk0_2000_O,nh0sgtk0,finished,5da3be8,num_valid_anchors,1260,True,50000,50000,3000,20000,5000,retrieved,3.5,10,16,N/A,2000,2026-08-28T22:09:24Z
CrazyClimber_k526n304_2000_O,k526n304,finished,5da3be8,num_valid_anchors,63275,True,50000,50000,3000,20000,5000,retrieved,3.5,10,16,N/A,2000,2026-08-28T22:16:34Z
DemonAttack_6liiyoxb_10_O,6liiyoxb,finished,5da3be8,num_valid_anchors,150.75,True,50000,50000,3000,20000,5000,retrieved,3.5,10,16,N/A,10,2026-08-28T23:07:07Z
BattleZone_fa8ix4yx_6000_X,fa8ix4yx,finished,c2bb03c,num_valid_anchors,14800,False,N/A,N/A,3000,20000,5000,retrieved,3.5,10,16,N/A,6000,2026-08-28T23:24:30Z
BattleZone_lssk1135_6000_O,lssk1135,finished,c2bb03c,num_valid_anchors,14350,True,50000,50000,3000,20000,5000,retrieved,3.5,10,16,N/A,6000,2026-08-28T23:53:55Z
BattleZone_c3erizhd_6010_X,c3erizhd,finished,c2bb03c,num_valid_anchors,9250,False,N/A,N/A,3000,20000,5000,retrieved,3.5,10,16,N/A,6010,2026-08-29T00:03:57Z
Gopher_7no95xi5_10_O,7no95xi5,finished,5da3be8,num_valid_anchors,3327,True,50000,50000,3000,20000,5000,retrieved,3.5,10,16,N/A,10,2026-08-29T00:11:47Z
BattleZone_m3fx9gdn_6010_O,m3fx9gdn,finished,c2bb03c,num_valid_anchors,5650,True,50000,50000,3000,20000,5000,retrieved,3.5,10,16,N/A,6010,2026-08-29T00:33:15Z
Gopher_w8pqdyqr_3710_O,w8pqdyqr,finished,5da3be8,num_valid_anchors,3829,True,50000,50000,3000,20000,5000,retrieved,3.5,10,16,N/A,3710,2026-08-29T02:06:32Z
Hero_asyvz492_10_O,asyvz492,finished,5da3be8,num_valid_anchors,13251.25,True,50000,50000,3000,20000,5000,retrieved,3.5,10,16,N/A,10,2026-08-29T03:09:18Z
BattleZone_ebq476c0_6020_X,ebq476c0,finished,c2bb03c,num_valid_anchors,7950,False,N/A,N/A,3000,20000,5000,retrieved,3.5,10,16,N/A,6020,2026-08-29T04:22:31Z
BattleZone_7ejjjrg1_6020_O,7ejjjrg1,finished,c2bb03c,num_valid_anchors,10850,True,50000,50000,3000,20000,5000,retrieved,3.5,10,16,N/A,6020,2026-08-29T05:00:28Z
Hero_kztho94s_710_O,kztho94s,finished,5da3be8,num_valid_anchors,13231.5,True,50000,50000,3000,20000,5000,retrieved,3.5,10,16,N/A,710,2026-08-29T05:03:44Z
Alien_dc4wnk4y_6000_X,dc4wnk4y,finished,c2bb03c,num_valid_anchors,1411,False,N/A,N/A,3000,20000,5000,retrieved,3.5,10,16,N/A,6000,2026-08-29T05:13:30Z
DemonAttack_38jfqwlr_2000_O,38jfqwlr,finished,5da3be8,num_valid_anchors,192.25,True,50000,50000,3000,20000,5000,retrieved,3.5,10,16,N/A,2000,2026-08-29T05:39:09Z
Qbert_x6t8pgi6_2000_O,x6t8pgi6,finished,5da3be8,num_valid_anchors,2608.75,True,50000,50000,3000,20000,5000,retrieved,3.5,10,16,N/A,2000,2026-08-29T05:47:57Z
Alien_gnk3r4hj_6000_O,gnk3r4hj,finished,c2bb03c,num_valid_anchors,1400,True,50000,50000,3000,20000,5000,retrieved,3.5,10,16,N/A,6000,2026-08-29T05:49:29Z
Hero_w35503nf_3710_O,w35503nf,finished,5da3be8,num_valid_anchors,13325.5,True,50000,50000,3000,20000,5000,retrieved,3.5,10,16,N/A,3710,2026-08-29T06:03:29Z
Kangaroo_m3aquidt_10_O,m3aquidt,finished,5da3be8,num_valid_anchors,1760,True,50000,50000,3000,20000,5000,retrieved,3.5,10,16,N/A,10,2026-08-29T07:57:06Z
Krull_otjw8tfq_10_O,otjw8tfq,finished,5da3be8,num_valid_anchors,6576.5,True,50000,50000,3000,20000,5000,retrieved,3.5,10,16,N/A,10,2026-08-29T09:05:07Z
Alien_dbfro1ma_6010_X,dbfro1ma,finished,c2bb03c,num_valid_anchors,1110.5,False,N/A,N/A,3000,20000,5000,retrieved,3.5,10,16,N/A,6010,2026-08-29T09:19:55Z
Alien_i1tixf0v_6010_O,i1tixf0v,finished,c2bb03c,num_valid_anchors,938,True,50000,50000,3000,20000,5000,retrieved,3.5,10,16,N/A,6010,2026-08-29T10:10:10Z
Amidar_garnayk0_6000_X,garnayk0,finished,c2bb03c,num_valid_anchors,130.35,False,N/A,N/A,3000,20000,5000,retrieved,3.5,10,16,N/A,6000,2026-08-29T10:15:01Z
KungFuMaster_z8em68fp_10_O,z8em68fp,finished,5da3be8,num_valid_anchors,30110,True,50000,50000,3000,20000,5000,retrieved,3.5,10,16,N/A,10,2026-08-29T10:57:27Z
Amidar_o3f8dl63_6000_O,o3f8dl63,finished,c2bb03c,num_valid_anchors,155.25,True,50000,50000,3000,20000,5000,retrieved,3.5,10,16,N/A,6000,2026-08-29T11:10:11Z
Frostbite_67q0miqi_10_O,67q0miqi,finished,52998f7,num_valid_anchors,2342,True,50000,50000,3000,20000,5000,half,3.5,10,16,N/A,10,2026-08-29T12:10:58Z
BattleZone_ju2qd1fn_2000_O,ju2qd1fn,finished,afd54fa,num_valid_anchors,8450,True,50000,50000,3000,20000,5000,half,3.5,10,16,N/A,2000,2026-08-29T13:07:38Z
BattleZone_dmbe839m_2010_O,dmbe839m,finished,afd54fa,num_valid_anchors,13450,True,50000,50000,3000,20000,5000,half,3.5,10,16,N/A,2010,2026-08-29T13:19:19Z
Frostbite_tngellvn_710_O,tngellvn,finished,52998f7,num_valid_anchors,2339.5,True,50000,50000,3000,20000,5000,half,3.5,10,16,N/A,710,2026-08-29T13:51:56Z
Frostbite_jnm5qgxa_6000_X,jnm5qgxa,finished,abfcfe3,num_valid_anchors,2600.5,False,N/A,N/A,3000,20000,5000,half,3.5,10,16,N/A,6000,2026-08-29T14:20:12Z
Frostbite_0rbujnfz_3710_O,0rbujnfz,finished,52998f7,num_valid_anchors,2662.5,True,50000,50000,3000,20000,5000,half,3.5,10,16,N/A,3710,2026-08-29T15:07:29Z
Frostbite_omc2z0tv_6000_O,omc2z0tv,finished,abfcfe3,num_valid_anchors,2849,True,50000,50000,3000,20000,5000,half,3.5,10,16,N/A,6000,2026-08-29T15:08:27Z
Frostbite_b6tiike0_6010_X,b6tiike0,finished,abfcfe3,num_valid_anchors,255,False,N/A,N/A,3000,20000,5000,half,3.5,10,16,N/A,6010,2026-08-29T15:22:45Z
Frostbite_a52s90t6_6010_O,a52s90t6,finished,abfcfe3,num_valid_anchors,239,True,50000,50000,3000,20000,5000,half,3.5,10,16,N/A,6010,2026-08-29T16:29:45Z
Qbert_7jaqxvrn_10_O,7jaqxvrn,finished,52998f7,num_valid_anchors,3023.75,True,50000,50000,3000,20000,5000,half,3.5,10,16,N/A,10,2026-08-29T16:43:01Z
Qbert_85knjc5e_1_O,85knjc5e,finished,52998f7,num_valid_anchors,2722.5,True,50000,50000,3000,20000,5000,half,3.5,10,16,N/A,1,2026-08-29T18:10:29Z
UpNDown_zqns6cuq_6000_X,zqns6cuq,finished,abfcfe3,num_valid_anchors,6154.5,False,N/A,N/A,3000,20000,5000,half,3.5,10,16,N/A,6000,2026-08-29T19:14:28Z
Qbert_mgs24g5r_3710_O,mgs24g5r,finished,52998f7,num_valid_anchors,2126.25,True,50000,50000,3000,20000,5000,half,3.5,10,16,N/A,3710,2026-08-29T19:31:26Z
UpNDown_lebjg5r8_6000_O,lebjg5r8,finished,abfcfe3,num_valid_anchors,4632.5,True,50000,50000,3000,20000,5000,half,3.5,10,16,N/A,6000,2026-08-29T20:22:47Z
UpNDown_aw6rxeff_6010_X,aw6rxeff,finished,abfcfe3,num_valid_anchors,6281.5,False,N/A,N/A,3000,20000,5000,half,3.5,10,16,N/A,6010,2026-08-29T20:23:51Z
Krull_wyombx4j_2000_O,wyombx4j,finished,afd54fa,num_valid_anchors,4130,True,50000,50000,3000,20000,5000,half,3.5,10,16,N/A,2000,2026-08-29T20:35:46Z
Krull_85mhcl5v_2010_O,85mhcl5v,finished,afd54fa,num_valid_anchors,4845.5,True,50000,50000,3000,20000,5000,half,3.5,10,16,N/A,2010,2026-08-29T20:49:11Z
Alien_i45t75js_1_O,i45t75js,finished,52998f7,num_valid_anchors,1037,True,50000,50000,3000,20000,5000,half,3.5,10,16,N/A,1,2026-08-29T21:00:31Z
UpNDown_p11rls6s_6010_O,p11rls6s,finished,abfcfe3,num_valid_anchors,6431,True,50000,50000,3000,20000,5000,half,3.5,10,16,N/A,6010,2026-08-29T21:43:21Z
Amidar_um0ofzxh_1_O,um0ofzxh,finished,52998f7,num_valid_anchors,177,True,50000,50000,3000,20000,5000,half,3.5,10,16,N/A,1,2026-08-29T22:20:57Z
Assault_wsvh6s06_1_O,wsvh6s06,finished,52998f7,num_valid_anchors,738.65,True,50000,50000,3000,20000,5000,half,3.5,10,16,N/A,1,2026-08-29T23:49:51Z
UpNDown_qu3s1hkt_6020_X,qu3s1hkt,finished,abfcfe3,num_valid_anchors,3088,False,N/A,N/A,3000,20000,5000,half,3.5,10,16,N/A,6020,2026-08-30T00:12:58Z
Asterix_ng30pqrh_10_O,ng30pqrh,finished,52998f7,num_valid_anchors,595,True,50000,50000,3000,20000,5000,half,3.5,10,16,N/A,10,2026-08-30T01:12:42Z
UpNDown_ih444zjp_6020_O,ih444zjp,finished,abfcfe3,num_valid_anchors,2883,True,50000,50000,3000,20000,5000,half,3.5,10,16,N/A,6020,2026-08-30T01:22:23Z
Qbert_ivn8mnwf_6000_X,ivn8mnwf,finished,abfcfe3,num_valid_anchors,3125,False,N/A,N/A,3000,20000,5000,half,3.5,10,16,N/A,6000,2026-08-30T01:53:47Z
Asterix_uqap5b8s_3710_O,uqap5b8s,finished,52998f7,num_valid_anchors,697.5,True,50000,50000,3000,20000,5000,half,3.5,10,16,N/A,3710,2026-08-30T02:53:12Z
Qbert_be4xg7j1_6000_O,be4xg7j1,finished,abfcfe3,num_valid_anchors,3843.75,True,50000,50000,3000,20000,5000,half,3.5,10,16,N/A,6000,2026-08-30T03:15:12Z
Alien_o1awi0qp_2000_O,o1awi0qp,finished,afd54fa,num_valid_anchors,608.5,True,50000,50000,3000,20000,5000,half,3.5,10,16,N/A,2000,2026-08-30T03:57:22Z
Boxing_a350gg6p_10_O,a350gg6p,finished,52998f7,num_valid_anchors,77.25,True,50000,50000,3000,20000,5000,half,3.5,10,16,N/A,10,2026-08-30T04:10:06Z
Assault_edb8zh4q_2000_O,edb8zh4q,finished,afd54fa,num_valid_anchors,683.85,True,50000,50000,3000,20000,5000,half,3.5,10,16,N/A,2000,2026-08-30T04:10:42Z
BattleZone_32qtx8zh_6000_X,32qtx8zh,finished,abfcfe3,num_valid_anchors,14200,False,N/A,N/A,3000,20000,5000,half,3.5,10,16,N/A,6000,2026-08-30T05:12:55Z
Breakout_ngn9rx9q_10_O,ngn9rx9q,finished,52998f7,num_valid_anchors,12.2,True,50000,50000,3000,20000,5000,half,3.5,10,16,N/A,10,2026-08-30T05:49:42Z
BattleZone_xgr7qrd4_6000_O,xgr7qrd4,finished,abfcfe3,num_valid_anchors,11450,True,50000,50000,3000,20000,5000,half,3.5,10,16,N/A,6000,2026-08-30T06:50:30Z
BattleZone_lfyisoyd_6010_X,lfyisoyd,finished,abfcfe3,num_valid_anchors,8250,False,N/A,N/A,3000,20000,5000,half,3.5,10,16,N/A,6010,2026-08-30T06:53:11Z
Breakout_m8g7xz9v_3710_O,m8g7xz9v,finished,52998f7,num_valid_anchors,13.4,True,50000,50000,3000,20000,5000,half,3.5,10,16,N/A,3710,2026-08-30T07:08:49Z
BattleZone_w97knqln_6010_O,w97knqln,finished,abfcfe3,num_valid_anchors,8050,True,50000,50000,3000,20000,5000,half,3.5,10,16,N/A,6010,2026-08-30T08:27:03Z
ChopperCommand_wd4cwi8h_710_O,wd4cwi8h,finished,52998f7,num_valid_anchors,1330,True,50000,50000,3000,20000,5000,half,3.5,10,16,N/A,710,2026-08-30T08:45:49Z
BattleZone_01jhmfbo_6020_X,01jhmfbo,finished,abfcfe3,num_valid_anchors,8550,False,N/A,N/A,3000,20000,5000,half,3.5,10,16,N/A,6020,2026-08-30T10:08:10Z
ChopperCommand_dp9dke6f_3710_O,dp9dke6f,finished,52998f7,num_valid_anchors,1600,True,50000,50000,3000,20000,5000,half,3.5,10,16,N/A,3710,2026-08-30T10:08:33Z
BankHeist_pi7ilqip_2000_O,pi7ilqip,finished,afd54fa,num_valid_anchors,154,True,50000,50000,3000,20000,5000,half,3.5,10,16,N/A,2000,2026-08-30T11:19:17Z
CrazyClimber_hzzyv969_10_O,hzzyv969,finished,52998f7,num_valid_anchors,54950,True,50000,50000,3000,20000,5000,half,3.5,10,16,N/A,10,2026-08-30T11:43:02Z
Kangaroo_c5sa9kd5_2000_O,c5sa9kd5,finished,afd54fa,num_valid_anchors,1440,True,50000,50000,3000,20000,5000,half,3.5,10,16,N/A,2000,2026-08-30T11:46:58Z
BattleZone_r0ioct98_6020_O,r0ioct98,finished,abfcfe3,num_valid_anchors,7650,True,50000,50000,3000,20000,5000,half,3.5,10,16,N/A,6020,2026-08-30T11:52:09Z
Alien_r8g1b3wx_6000_X,r8g1b3wx,finished,abfcfe3,num_valid_anchors,1426.5,False,N/A,N/A,3000,20000,5000,half,3.5,10,16,N/A,6000,2026-08-30T12:12:19Z
CrazyClimber_1o273wkc_3710_O,1o273wkc,finished,52998f7,num_valid_anchors,55615,True,50000,50000,3000,20000,5000,half,3.5,10,16,N/A,3710,2026-08-30T13:12:49Z
Alien_m6571b7m_6000_O,m6571b7m,finished,abfcfe3,num_valid_anchors,1431.5,True,50000,50000,3000,20000,5000,half,3.5,10,16,N/A,6000,2026-08-30T13:39:17Z
DemonAttack_pnbufajo_10_O,pnbufajo,finished,52998f7,num_valid_anchors,127,True,50000,50000,3000,20000,5000,half,3.5,10,16,N/A,10,2026-08-30T14:45:29Z
Alien_7hca02hu_6010_X,7hca02hu,finished,abfcfe3,num_valid_anchors,1096.5,False,N/A,N/A,3000,20000,5000,half,3.5,10,16,N/A,6010,2026-08-30T15:04:32Z
Gopher_b8rmr7c4_10_O,b8rmr7c4,finished,52998f7,num_valid_anchors,2933,True,50000,50000,3000,20000,5000,half,3.5,10,16,N/A,10,2026-08-30T16:01:32Z
Alien_b8sbir3a_6010_O,b8sbir3a,finished,abfcfe3,num_valid_anchors,975.5,True,50000,50000,3000,20000,5000,half,3.5,10,16,N/A,6010,2026-08-30T17:09:08Z
Amidar_mjbm8evn_6000_X,mjbm8evn,finished,abfcfe3,num_valid_anchors,128.45,False,N/A,N/A,3000,20000,5000,half,3.5,10,16,N/A,6000,2026-08-30T17:09:45Z
Gopher_f4l1a8l6_3710_O,f4l1a8l6,finished,52998f7,num_valid_anchors,4114,True,50000,50000,3000,20000,5000,half,3.5,10,16,N/A,3710,2026-08-30T17:48:17Z
Amidar_ivsr3j2c_6000_O,ivsr3j2c,finished,abfcfe3,num_valid_anchors,184.1,True,50000,50000,3000,20000,5000,half,3.5,10,16,N/A,6000,2026-08-30T18:51:59Z
Hero_h4blpyfn_10_O,h4blpyfn,finished,52998f7,num_valid_anchors,7876.25,True,50000,50000,3000,20000,5000,half,3.5,10,16,N/A,10,2026-08-30T18:58:05Z
KungFuMaster_ntjt0u8p_2000_O,ntjt0u8p,finished,afd54fa,num_valid_anchors,23555,True,50000,50000,3000,20000,5000,half,3.5,10,16,N/A,2000,2026-08-30T19:15:47Z
Pong_06o48alw_2000_O,06o48alw,finished,afd54fa,num_valid_anchors,9.6,True,50000,50000,3000,20000,5000,half,3.5,10,16,N/A,2000,2026-08-30T19:48:21Z
Amidar_g5yun5ve_6010_X,g5yun5ve,finished,abfcfe3,num_valid_anchors,246.6,False,N/A,N/A,3000,20000,5000,half,3.5,10,16,N/A,6010,2026-08-30T20:03:28Z
Hero_vjcqkezc_710_O,vjcqkezc,finished,52998f7,num_valid_anchors,12120.25,True,50000,50000,3000,20000,5000,half,3.5,10,16,N/A,710,2026-08-30T20:49:26Z
Hero_r3dms7k4_3710_O,r3dms7k4,finished,52998f7,num_valid_anchors,13407.5,True,50000,50000,3000,20000,5000,half,3.5,10,16,N/A,3710,2026-08-30T21:51:08Z
Amidar_hyo9y102_6010_O,hyo9y102,finished,abfcfe3,num_valid_anchors,208.2,True,50000,50000,3000,20000,5000,half,3.5,10,16,N/A,6010,2026-08-30T22:06:02Z
Amidar_7anhxl3d_6020_X,7anhxl3d,finished,abfcfe3,num_valid_anchors,302,False,N/A,N/A,3000,20000,5000,half,3.5,10,16,N/A,6020,2026-08-30T22:21:04Z
Jamesbond_3p4y1nwl_10_O,3p4y1nwl,finished,52998f7,num_valid_anchors,412.5,True,50000,50000,3000,20000,5000,half,3.5,10,16,N/A,10,2026-08-30T23:53:47Z
Amidar_8az45b72_6020_O,8az45b72,finished,abfcfe3,num_valid_anchors,206.7,True,50000,50000,3000,20000,5000,half,3.5,10,16,N/A,6020,2026-08-31T00:09:21Z
Jamesbond_8v7frepq_710_O,8v7frepq,finished,52998f7,num_valid_anchors,420,True,50000,50000,3000,20000,5000,half,3.5,10,16,N/A,710,2026-08-31T00:45:27Z
Assault_9b7jnb8w_6000_X,9b7jnb8w,finished,abfcfe3,num_valid_anchors,1126.55,False,N/A,N/A,3000,20000,5000,half,3.5,10,16,N/A,6000,2026-08-31T01:00:21Z
Frostbite_m6bvxrsc_10_O,m6bvxrsc,finished,89984a1,num_valid_anchors,1838.5,True,50000,50000,3000,20000,5000,retrieved,3.4,10,16,N/A,10,2026-08-31T02:48:31Z
BattleZone_ba4aif6z_2000_O,ba4aif6z,finished,89984a1,num_valid_anchors,7500,True,50000,50000,3000,20000,5000,retrieved,3.4,10,16,N/A,2000,2026-08-31T02:52:33Z
Frostbite_592mu48d_6000_X,592mu48d,finished,89984a1,num_valid_anchors,2833.5,False,N/A,N/A,3000,20000,5000,retrieved,3.4,10,16,N/A,6000,2026-08-31T03:14:09Z
Frostbite_r70kmcp8_6000_O,r70kmcp8,finished,89984a1,num_valid_anchors,2600.5,True,50000,50000,3000,20000,5000,retrieved,3.4,10,16,N/A,6000,2026-08-31T03:27:59Z
BattleZone_ygoyqgto_2010_O,ygoyqgto,finished,89984a1,num_valid_anchors,18350,True,50000,50000,3000,20000,5000,retrieved,3.4,10,16,N/A,2010,2026-08-31T03:39:30Z
Frostbite_ulp457of_710_O,ulp457of,finished,89984a1,num_valid_anchors,1968,True,50000,50000,3000,20000,5000,retrieved,3.4,10,16,N/A,710,2026-08-31T03:44:50Z
Frostbite_5zvsn33t_6010_X,5zvsn33t,finished,89984a1,num_valid_anchors,252.5,False,N/A,N/A,3000,20000,5000,retrieved,3.4,10,16,N/A,6010,2026-08-31T05:24:38Z
Frostbite_5aarkok2_3710_O,5aarkok2,finished,89984a1,num_valid_anchors,2812.5,True,50000,50000,3000,20000,5000,retrieved,3.4,10,16,N/A,3710,2026-08-31T05:42:36Z
Frostbite_9vnx9zuu_6010_O,9vnx9zuu,finished,89984a1,num_valid_anchors,241,True,50000,50000,3000,20000,5000,retrieved,3.4,10,16,N/A,6010,2026-08-31T05:56:43Z
Qbert_5hpf0pnf_10_O,5hpf0pnf,finished,89984a1,num_valid_anchors,2525,True,50000,50000,3000,20000,5000,retrieved,3.4,10,16,N/A,10,2026-08-31T06:38:17Z
UpNDown_pixpqk4q_6000_X,pixpqk4q,finished,89984a1,num_valid_anchors,5529.5,False,N/A,N/A,3000,20000,5000,retrieved,3.4,10,16,N/A,6000,2026-08-31T08:07:31Z
UpNDown_jonfu6nl_6000_O,jonfu6nl,finished,89984a1,num_valid_anchors,6090.5,True,50000,50000,3000,20000,5000,retrieved,3.4,10,16,N/A,6000,2026-08-31T08:43:33Z
Qbert_ru0eg0fb_1_O,ru0eg0fb,finished,89984a1,num_valid_anchors,1736.25,True,50000,50000,3000,20000,5000,retrieved,3.4,10,16,N/A,1,2026-08-31T08:50:51Z
Qbert_q0wl7b47_3710_O,q0wl7b47,finished,89984a1,num_valid_anchors,2626.25,True,50000,50000,3000,20000,5000,retrieved,3.4,10,16,N/A,3710,2026-08-31T09:34:21Z
UpNDown_49kcu2l3_6010_X,49kcu2l3,finished,89984a1,num_valid_anchors,6151,False,N/A,N/A,3000,20000,5000,retrieved,3.4,10,16,N/A,6010,2026-08-31T10:18:55Z
UpNDown_o9qawdj0_6010_O,o9qawdj0,finished,89984a1,num_valid_anchors,7369.5,True,50000,50000,3000,20000,5000,retrieved,3.4,10,16,N/A,6010,2026-08-31T11:05:22Z
Krull_86wh22tr_2000_O,86wh22tr,finished,89984a1,num_valid_anchors,5234.5,True,50000,50000,3000,20000,5000,retrieved,3.4,10,16,N/A,2000,2026-08-31T11:22:41Z
Alien_0a249p5f_1_O,0a249p5f,finished,89984a1,num_valid_anchors,1486.5,True,50000,50000,3000,20000,5000,retrieved,3.4,10,16,N/A,1,2026-08-31T11:52:56Z
Krull_m6e0jdcs_2010_O,m6e0jdcs,finished,89984a1,num_valid_anchors,6054,True,50000,50000,3000,20000,5000,retrieved,3.4,10,16,N/A,2010,2026-08-31T12:10:15Z
Amidar_vvktxag9_1_O,vvktxag9,finished,89984a1,num_valid_anchors,136.3,True,50000,50000,3000,20000,5000,retrieved,3.4,10,16,N/A,1,2026-08-31T12:24:47Z
UpNDown_qnrx0yiz_6020_X,qnrx0yiz,finished,89984a1,num_valid_anchors,3308,False,N/A,N/A,3000,20000,5000,retrieved,3.4,10,16,N/A,6020,2026-08-31T13:04:03Z
UpNDown_bwim31dt_6020_O,bwim31dt,finished,89984a1,num_valid_anchors,2697,True,50000,50000,3000,20000,5000,retrieved,3.4,10,16,N/A,6020,2026-08-31T14:16:07Z
Assault_8exu5pzh_1_O,8exu5pzh,finished,89984a1,num_valid_anchors,766.45,True,50000,50000,3000,20000,5000,retrieved,3.4,10,16,N/A,1,2026-08-31T14:44:39Z
Asterix_67tbwqqw_10_O,67tbwqqw,finished,89984a1,num_valid_anchors,552.5,True,50000,50000,3000,20000,5000,retrieved,3.4,10,16,N/A,10,2026-08-31T15:14:20Z
Qbert_0iuawhx1_6000_X,0iuawhx1,finished,89984a1,num_valid_anchors,3401.25,False,N/A,N/A,3000,20000,5000,retrieved,3.4,10,16,N/A,6000,2026-08-31T15:19:27Z
Qbert_iwufzuy6_6000_O,iwufzuy6,finished,89984a1,num_valid_anchors,2530,True,50000,50000,3000,20000,5000,retrieved,3.4,10,16,N/A,6000,2026-08-31T16:32:15Z
Asterix_o58sgy7l_3710_O,o58sgy7l,finished,89984a1,num_valid_anchors,1172.5,True,50000,50000,3000,20000,5000,retrieved,3.4,10,16,N/A,3710,2026-08-31T17:59:58Z
BattleZone_r9yabm6e_6000_X,r9yabm6e,finished,89984a1,num_valid_anchors,16150,False,N/A,N/A,3000,20000,5000,retrieved,3.4,10,16,N/A,6000,2026-08-31T18:03:21Z
Boxing_oikhauco_10_O,oikhauco,finished,89984a1,num_valid_anchors,72.7,True,50000,50000,3000,20000,5000,retrieved,3.4,10,16,N/A,10,2026-08-31T18:23:44Z
BattleZone_2xy6zxwy_6000_O,2xy6zxwy,finished,89984a1,num_valid_anchors,12900,True,50000,50000,3000,20000,5000,retrieved,3.4,10,16,N/A,6000,2026-08-31T19:48:24Z
Alien_npc9ogzf_2000_O,npc9ogzf,finished,89984a1,num_valid_anchors,629.5,True,50000,50000,3000,20000,5000,retrieved,3.4,10,16,N/A,2000,2026-08-31T19:48:35Z
BattleZone_ou4fuqyk_6010_X,ou4fuqyk,finished,89984a1,num_valid_anchors,8850,False,N/A,N/A,3000,20000,5000,retrieved,3.4,10,16,N/A,6010,2026-08-31T20:15:58Z
Assault_zzislyqu_2000_O,zzislyqu,finished,89984a1,num_valid_anchors,678.15,True,50000,50000,3000,20000,5000,retrieved,3.4,10,16,N/A,2000,2026-08-31T20:36:47Z
Breakout_2aosjtu4_10_O,2aosjtu4,finished,89984a1,num_valid_anchors,13.15,True,50000,50000,3000,20000,5000,retrieved,3.4,10,16,N/A,10,2026-08-31T21:07:26Z
Breakout_8kkqynzy_3710_O,8kkqynzy,finished,89984a1,num_valid_anchors,12.25,True,50000,50000,3000,20000,5000,retrieved,3.4,10,16,N/A,3710,2026-08-31T21:32:39Z
BattleZone_5g1mo6fw_6010_O,5g1mo6fw,finished,89984a1,num_valid_anchors,5750,True,50000,50000,3000,20000,5000,retrieved,3.4,10,16,N/A,6010,2026-08-31T21:43:28Z
BattleZone_7lyfydye_6020_X,7lyfydye,finished,89984a1,num_valid_anchors,8400,False,N/A,N/A,3000,20000,5000,retrieved,3.4,10,16,N/A,6020,2026-08-31T23:01:45Z
ChopperCommand_e3hmiiqy_710_O,e3hmiiqy,finished,89984a1,num_valid_anchors,1350,True,50000,50000,3000,20000,5000,retrieved,3.4,10,16,N/A,710,2026-09-01T00:09:08Z
Frostbite_b9a2n4s3_10_O,b9a2n4s3,finished,73f7e14,num_valid_anchors,2131.5,True,50000,50000,3000,20000,5000,retrieved,3.55,10,16,N/A,10,2026-09-01T00:34:45Z
Frostbite_chqrgiqy_6000_X,chqrgiqy,finished,73f7e14,num_valid_anchors,2544.5,False,N/A,N/A,3000,20000,5000,retrieved,3.55,10,16,N/A,6000,2026-09-01T01:06:17Z
Frostbite_78pzz50x_6000_O,78pzz50x,finished,73f7e14,num_valid_anchors,2969.5,True,50000,50000,3000,20000,5000,retrieved,3.55,10,16,N/A,6000,2026-09-01T01:12:49Z
Frostbite_8t14x2e8_6010_X,8t14x2e8,finished,73f7e14,num_valid_anchors,250.5,False,N/A,N/A,3000,20000,5000,retrieved,3.55,10,16,N/A,6010,2026-09-01T02:55:55Z
Frostbite_z1z4khvv_710_O,z1z4khvv,finished,73f7e14,num_valid_anchors,2510.5,True,50000,50000,3000,20000,5000,retrieved,3.55,10,16,N/A,710,2026-09-01T03:10:13Z
Frostbite_vo6dhjr1_3710_O,vo6dhjr1,finished,73f7e14,num_valid_anchors,2076,True,50000,50000,3000,20000,5000,retrieved,3.55,10,16,N/A,3710,2026-09-01T03:31:30Z
Frostbite_nsfn8rf4_6010_O,nsfn8rf4,finished,73f7e14,num_valid_anchors,258,True,50000,50000,3000,20000,5000,retrieved,3.55,10,16,N/A,6010,2026-09-01T04:00:55Z
BattleZone_eexyl9zn_2000_O,eexyl9zn,finished,73f7e14,num_valid_anchors,8900,True,50000,50000,3000,20000,5000,retrieved,3.55,10,16,N/A,2000,2026-09-01T04:18:31Z
BattleZone_fauf18ch_2010_O,fauf18ch,finished,73f7e14,num_valid_anchors,14750,True,50000,50000,3000,20000,5000,retrieved,3.55,10,16,N/A,2010,2026-09-01T05:24:02Z
UpNDown_ylk0uq0p_6000_X,ylk0uq0p,finished,73f7e14,num_valid_anchors,5321.5,False,N/A,N/A,3000,20000,5000,retrieved,3.55,10,16,N/A,6000,2026-09-01T06:02:51Z
Qbert_vvzy7x92_10_O,vvzy7x92,finished,73f7e14,num_valid_anchors,2872.5,True,50000,50000,3000,20000,5000,retrieved,3.55,10,16,N/A,10,2026-09-01T06:06:31Z
Qbert_me3gjtjw_1_O,me3gjtjw,finished,73f7e14,num_valid_anchors,2378.75,True,50000,50000,3000,20000,5000,retrieved,3.55,10,16,N/A,1,2026-09-01T06:25:22Z
UpNDown_q85k7v8n_6000_O,q85k7v8n,finished,73f7e14,num_valid_anchors,4642,True,50000,50000,3000,20000,5000,retrieved,3.55,10,16,N/A,6000,2026-09-01T06:30:12Z
UpNDown_ub6cq9f0_6010_X,ub6cq9f0,finished,73f7e14,num_valid_anchors,6541,False,N/A,N/A,3000,20000,5000,retrieved,3.55,10,16,N/A,6010,2026-09-01T07:52:48Z
Qbert_ltl31lz4_3710_O,ltl31lz4,finished,73f7e14,num_valid_anchors,2705,True,50000,50000,3000,20000,5000,retrieved,3.55,10,16,N/A,3710,2026-09-01T09:00:54Z
UpNDown_dznw15jf_6010_O,dznw15jf,finished,73f7e14,num_valid_anchors,6436.5,True,50000,50000,3000,20000,5000,retrieved,3.55,10,16,N/A,6010,2026-09-01T09:11:04Z
Alien_85emxd2g_1_O,85emxd2g,finished,73f7e14,num_valid_anchors,1621.5,True,50000,50000,3000,20000,5000,retrieved,3.55,10,16,N/A,1,2026-09-01T09:15:55Z
UpNDown_67byf59a_6020_X,67byf59a,finished,73f7e14,num_valid_anchors,3203.5,False,N/A,N/A,3000,20000,5000,retrieved,3.55,10,16,N/A,6020,2026-09-01T11:05:25Z
Amidar_jqagfsay_1_O,jqagfsay,finished,73f7e14,num_valid_anchors,121.85,True,50000,50000,3000,20000,5000,retrieved,3.55,10,16,N/A,1,2026-09-01T11:53:34Z
UpNDown_9dnas5w5_6020_O,9dnas5w5,finished,73f7e14,num_valid_anchors,2408,True,50000,50000,3000,20000,5000,retrieved,3.55,10,16,N/A,6020,2026-09-01T12:01:39Z
Assault_7x4w4zpy_1_O,7x4w4zpy,finished,73f7e14,num_valid_anchors,725.5,True,50000,50000,3000,20000,5000,retrieved,3.55,10,16,N/A,1,2026-09-01T12:14:19Z
Qbert_5bcqjuh3_6000_X,5bcqjuh3,finished,73f7e14,num_valid_anchors,2685,False,N/A,N/A,3000,20000,5000,retrieved,3.55,10,16,N/A,6000,2026-09-01T12:54:15Z
Krull_ftz9pz4p_2000_O,ftz9pz4p,finished,73f7e14,num_valid_anchors,4996,True,50000,50000,3000,20000,5000,retrieved,3.55,10,16,N/A,2000,2026-09-01T12:58:58Z
Krull_58rfnm1e_2010_O,58rfnm1e,finished,73f7e14,num_valid_anchors,6033.5,True,50000,50000,3000,20000,5000,retrieved,3.55,10,16,N/A,2010,2026-09-01T14:02:11Z
Qbert_oy9ie1wl_6000_O,oy9ie1wl,finished,73f7e14,num_valid_anchors,3657.5,True,50000,50000,3000,20000,5000,retrieved,3.55,10,16,N/A,6000,2026-09-01T14:44:18Z
Asterix_2h6dott0_10_O,2h6dott0,finished,73f7e14,num_valid_anchors,587.5,True,50000,50000,3000,20000,5000,retrieved,3.55,10,16,N/A,10,2026-09-01T14:48:48Z
Asterix_dsvqpsn0_3710_O,dsvqpsn0,finished,73f7e14,num_valid_anchors,585,True,50000,50000,3000,20000,5000,retrieved,3.55,10,16,N/A,3710,2026-09-01T15:18:03Z
BattleZone_xbnqntlx_6000_X,xbnqntlx,finished,73f7e14,num_valid_anchors,15100,False,N/A,N/A,3000,20000,5000,retrieved,3.55,10,16,N/A,6000,2026-09-01T16:04:43Z
BattleZone_0x4n8qte_6000_O,0x4n8qte,finished,73f7e14,num_valid_anchors,7750,True,50000,50000,3000,20000,5000,retrieved,3.55,10,16,N/A,6000,2026-09-01T17:33:23Z
Boxing_raqktz01_10_O,raqktz01,finished,73f7e14,num_valid_anchors,74.55,True,50000,50000,3000,20000,5000,retrieved,3.55,10,16,N/A,10,2026-09-01T17:44:05Z
BattleZone_wcymm328_6010_X,wcymm328,finished,73f7e14,num_valid_anchors,9300,False,N/A,N/A,3000,20000,5000,retrieved,3.55,10,16,N/A,6010,2026-09-01T17:54:17Z
Breakout_eigxxz9b_10_O,eigxxz9b,finished,73f7e14,num_valid_anchors,11.85,True,50000,50000,3000,20000,5000,retrieved,3.55,10,16,N/A,10,2026-09-01T18:10:36Z
BattleZone_xwrubrqd_6010_O,xwrubrqd,finished,73f7e14,num_valid_anchors,6200,True,50000,50000,3000,20000,5000,retrieved,3.55,10,16,N/A,6010,2026-09-01T19:56:53Z
Breakout_4kkwx66h_3710_O,4kkwx66h,finished,73f7e14,num_valid_anchors,12.9,True,50000,50000,3000,20000,5000,retrieved,3.55,10,16,N/A,3710,2026-09-01T20:44:11Z
ChopperCommand_uredttvz_710_O,uredttvz,finished,73f7e14,num_valid_anchors,1135,True,50000,50000,3000,20000,5000,retrieved,3.55,10,16,N/A,710,2026-09-01T21:01:13Z
BattleZone_8yvltymc_6020_X,8yvltymc,finished,73f7e14,num_valid_anchors,8200,False,N/A,N/A,3000,20000,5000,retrieved,3.55,10,16,N/A,6020,2026-09-01T21:01:35Z
Alien_z41f07x3_2000_O,z41f07x3,finished,73f7e14,num_valid_anchors,657.5,True,50000,50000,3000,20000,5000,retrieved,3.55,10,16,N/A,2000,2026-09-01T21:07:47Z
Assault_ikuyyr7u_2000_O,ikuyyr7u,finished,73f7e14,num_valid_anchors,643.05,True,50000,50000,3000,20000,5000,retrieved,3.55,10,16,N/A,2000,2026-09-01T21:57:07Z
BattleZone_j8w0qwun_6020_O,j8w0qwun,finished,73f7e14,num_valid_anchors,6300,True,50000,50000,3000,20000,5000,retrieved,3.55,10,16,N/A,6020,2026-09-01T22:52:53Z
Alien_xd2ucgt8_6000_X,xd2ucgt8,finished,73f7e14,num_valid_anchors,1397.5,False,N/A,N/A,3000,20000,5000,retrieved,3.55,10,16,N/A,6000,2026-09-01T22:55:04Z
ChopperCommand_zl2ifen5_3710_O,zl2ifen5,finished,73f7e14,num_valid_anchors,1325,True,50000,50000,3000,20000,5000,retrieved,3.55,10,16,N/A,3710,2026-09-01T23:46:54Z
CrazyClimber_t7w9hapz_10_O,t7w9hapz,finished,73f7e14,num_valid_anchors,48125,True,50000,50000,3000,20000,5000,retrieved,3.55,10,16,N/A,10,2026-09-02T00:03:12Z
Alien_4c7r7box_6000_O,4c7r7box,finished,73f7e14,num_valid_anchors,1149,True,50000,50000,3000,20000,5000,retrieved,3.55,10,16,N/A,6000,2026-09-02T01:16:42Z
Alien_634bwq4n_6010_X,634bwq4n,finished,73f7e14,num_valid_anchors,1138.5,False,N/A,N/A,3000,20000,5000,retrieved,3.55,10,16,N/A,6010,2026-09-02T01:57:30Z
CrazyClimber_262zl2zi_3710_O,262zl2zi,finished,73f7e14,num_valid_anchors,48520,True,50000,50000,3000,20000,5000,retrieved,3.55,10,16,N/A,3710,2026-09-02T03:08:08Z
DemonAttack_zeiqxq87_10_O,zeiqxq87,finished,73f7e14,num_valid_anchors,165.25,True,50000,50000,3000,20000,5000,retrieved,3.55,10,16,N/A,10,2026-09-02T03:10:56Z
Alien_kivavb18_6010_O,kivavb18,finished,73f7e14,num_valid_anchors,1251,True,50000,50000,3000,20000,5000,retrieved,3.55,10,16,N/A,6010,2026-09-02T03:54:03Z
Amidar_oer7qv9z_6000_X,oer7qv9z,finished,73f7e14,num_valid_anchors,126.4,False,N/A,N/A,3000,20000,5000,retrieved,3.55,10,16,N/A,6000,2026-09-02T04:08:20Z
BankHeist_x2vlbz3b_2000_O,x2vlbz3b,finished,73f7e14,num_valid_anchors,144.5,True,50000,50000,3000,20000,5000,retrieved,3.55,10,16,N/A,2000,2026-09-02T04:18:39Z
Kangaroo_kigct3b3_2000_O,kigct3b3,finished,73f7e14,num_valid_anchors,1870,True,50000,50000,3000,20000,5000,retrieved,3.55,10,16,N/A,2000,2026-09-02T05:26:23Z
Gopher_agdcodrk_10_O,agdcodrk,finished,73f7e14,num_valid_anchors,3088,True,50000,50000,3000,20000,5000,retrieved,3.55,10,16,N/A,10,2026-09-02T06:15:25Z
Gopher_fun4wcbt_3710_O,fun4wcbt,finished,73f7e14,num_valid_anchors,4568,True,50000,50000,3000,20000,5000,retrieved,3.55,10,16,N/A,3710,2026-09-02T06:24:13Z
Amidar_mcqgurxl_6000_O,mcqgurxl,finished,73f7e14,num_valid_anchors,179.95,True,50000,50000,3000,20000,5000,retrieved,3.55,10,16,N/A,6000,2026-09-02T06:31:53Z
Amidar_ri5yeb2g_6010_X,ri5yeb2g,finished,73f7e14,num_valid_anchors,253.45,False,N/A,N/A,3000,20000,5000,retrieved,3.55,10,16,N/A,6010,2026-09-02T06:54:28Z
Amidar_ztpiqajn_6010_O,ztpiqajn,finished,73f7e14,num_valid_anchors,262.75,True,50000,50000,3000,20000,5000,retrieved,3.55,10,16,N/A,6010,2026-09-02T09:04:33Z
Amidar_mkjji3hv_6020_X,mkjji3hv,finished,73f7e14,num_valid_anchors,335.5,False,N/A,N/A,3000,20000,5000,retrieved,3.55,10,16,N/A,6020,2026-09-02T09:11:54Z
Hero_u571sns3_10_O,u571sns3,finished,73f7e14,num_valid_anchors,12690,True,50000,50000,3000,20000,5000,retrieved,3.55,10,16,N/A,10,2026-09-02T09:22:31Z
Hero_4an3cuxv_710_O,4an3cuxv,finished,73f7e14,num_valid_anchors,12112,True,50000,50000,3000,20000,5000,retrieved,3.55,10,16,N/A,710,2026-09-02T09:44:41Z
Frostbite_a73hf55h_6000_X,a73hf55h,finished,22953c9,num_valid_anchors,2408,False,N/A,N/A,3000,20000,5000,retrieved,3.5,9,16,N/A,6000,2026-09-02T11:53:44Z
Frostbite_nf6or5rz_6010_X,nf6or5rz,finished,22953c9,num_valid_anchors,254.5,False,N/A,N/A,3000,20000,5000,retrieved,3.5,9,16,N/A,6010,2026-09-02T11:55:42Z
BattleZone_ud21wvr5_2000_O,ud21wvr5,finished,22953c9,num_valid_anchors,5750,True,50000,50000,3000,20000,5000,retrieved,3.5,9,16,N/A,2000,2026-09-02T12:08:33Z
Frostbite_it9k6a5h_10_O,it9k6a5h,finished,aedaca3,num_valid_anchors,1959,True,50000,50000,3000,20000,5000,retrieved,3.5,9,16,N/A,10,2026-09-02T12:27:45Z
Frostbite_9m1o68uw_710_O,9m1o68uw,finished,aedaca3,num_valid_anchors,1713,True,50000,50000,3000,20000,5000,retrieved,3.5,9,16,N/A,710,2026-09-02T12:48:29Z
BattleZone_vhhedzfs_2010_O,vhhedzfs,finished,22953c9,num_valid_anchors,13650,True,50000,50000,3000,20000,5000,retrieved,3.5,9,16,N/A,2010,2026-09-02T13:54:45Z
UpNDown_ij0nfckf_6000_X,ij0nfckf,finished,22953c9,num_valid_anchors,5715.5,False,N/A,N/A,3000,20000,5000,retrieved,3.5,9,16,N/A,6000,2026-09-02T14:05:17Z
UpNDown_5wyfe3io_6010_X,5wyfe3io,finished,22953c9,num_valid_anchors,6136.5,False,N/A,N/A,3000,20000,5000,retrieved,3.5,9,16,N/A,6010,2026-09-02T14:21:16Z
Frostbite_ws5pi2ps_3710_O,ws5pi2ps,finished,aedaca3,num_valid_anchors,2710,True,50000,50000,3000,20000,5000,retrieved,3.5,9,16,N/A,3710,2026-09-02T15:28:35Z
Qbert_8z1j9quz_10_O,8z1j9quz,finished,aedaca3,num_valid_anchors,1913.75,True,50000,50000,3000,20000,5000,retrieved,3.5,9,16,N/A,10,2026-09-02T15:48:04Z
UpNDown_g3ztlr29_6020_X,g3ztlr29,finished,22953c9,num_valid_anchors,2709.5,False,N/A,N/A,3000,20000,5000,retrieved,3.5,9,16,N/A,6020,2026-09-02T16:47:10Z
Qbert_khttcftq_6000_X,khttcftq,finished,22953c9,num_valid_anchors,2642.5,False,N/A,N/A,3000,20000,5000,retrieved,3.5,9,16,N/A,6000,2026-09-02T16:48:46Z
Qbert_dm4gsvmb_1_O,dm4gsvmb,finished,aedaca3,num_valid_anchors,1707.5,True,50000,50000,3000,20000,5000,retrieved,3.5,9,16,N/A,1,2026-09-02T18:21:17Z
Qbert_j4cu2jxc_3710_O,j4cu2jxc,finished,aedaca3,num_valid_anchors,900,True,50000,50000,3000,20000,5000,retrieved,3.5,9,16,N/A,3710,2026-09-02T18:43:35Z
BattleZone_xaiue9rv_6000_X,xaiue9rv,finished,22953c9,num_valid_anchors,14700,False,N/A,N/A,3000,20000,5000,retrieved,3.5,9,16,N/A,6000,2026-09-02T19:03:59Z
BattleZone_0tro6v7m_6010_X,0tro6v7m,finished,22953c9,num_valid_anchors,8200,False,N/A,N/A,3000,20000,5000,retrieved,3.5,9,16,N/A,6010,2026-09-02T19:20:27Z
Krull_u4lhk97u_2000_O,u4lhk97u,finished,22953c9,num_valid_anchors,5123,True,50000,50000,3000,20000,5000,retrieved,3.5,9,16,N/A,2000,2026-09-02T21:04:50Z
Alien_koqbgsvp_1_O,koqbgsvp,finished,aedaca3,num_valid_anchors,1153,True,50000,50000,3000,20000,5000,retrieved,3.5,9,16,N/A,1,2026-09-02T21:08:00Z
Amidar_82by942d_1_O,82by942d,finished,aedaca3,num_valid_anchors,107.3,True,50000,50000,3000,20000,5000,retrieved,3.5,9,16,N/A,1,2026-09-02T21:34:51Z
BattleZone_29ut9qq4_6020_X,29ut9qq4,finished,22953c9,num_valid_anchors,8050,False,N/A,N/A,3000,20000,5000,retrieved,3.5,9,16,N/A,6020,2026-09-02T21:45:42Z
Alien_ic6akv9r_6000_X,ic6akv9r,finished,22953c9,num_valid_anchors,1219,False,N/A,N/A,3000,20000,5000,retrieved,3.5,9,16,N/A,6000,2026-09-02T21:47:32Z
Krull_bt24pjxe_2010_O,bt24pjxe,finished,22953c9,num_valid_anchors,6054,True,50000,50000,3000,20000,5000,retrieved,3.5,9,16,N/A,2010,2026-09-02T22:53:58Z
Assault_ubtaj9sj_1_O,ubtaj9sj,finished,aedaca3,num_valid_anchors,729.2,True,50000,50000,3000,20000,5000,retrieved,3.5,9,16,N/A,1,2026-09-02T23:54:24Z
Alien_ch07udam_6010_X,ch07udam,finished,22953c9,num_valid_anchors,1177.5,False,N/A,N/A,3000,20000,5000,retrieved,3.5,9,16,N/A,6010,2026-09-02T23:59:53Z
Amidar_4hmr7n97_6000_X,4hmr7n97,finished,22953c9,num_valid_anchors,130.8,False,N/A,N/A,3000,20000,5000,retrieved,3.5,9,16,N/A,6000,2026-09-03T00:16:39Z
Asterix_pp9azut3_10_O,pp9azut3,finished,aedaca3,num_valid_anchors,567.5,True,50000,50000,3000,20000,5000,retrieved,3.5,9,16,N/A,10,2026-09-03T00:29:04Z
Amidar_4kbze0v9_6010_X,4kbze0v9,finished,22953c9,num_valid_anchors,255.8,False,N/A,N/A,3000,20000,5000,retrieved,3.5,9,16,N/A,6010,2026-09-03T02:43:41Z
Amidar_2p8az3jj_6020_X,2p8az3jj,finished,22953c9,num_valid_anchors,316.65,False,N/A,N/A,3000,20000,5000,retrieved,3.5,9,16,N/A,6020,2026-09-03T02:47:00Z
Asterix_cw88m4aj_3710_O,cw88m4aj,finished,aedaca3,num_valid_anchors,560,True,50000,50000,3000,20000,5000,retrieved,3.5,9,16,N/A,3710,2026-09-03T02:54:08Z
Boxing_mzfiir0p_10_O,mzfiir0p,finished,aedaca3,num_valid_anchors,70.2,True,50000,50000,3000,20000,5000,retrieved,3.5,9,16,N/A,10,2026-09-03T03:32:42Z
Frostbite_nmi7yn4w_6000_O,nmi7yn4w,finished,486129f,num_valid_anchors,2119.5,True,50000,50000,3000,20000,5000,retrieved,3.5,11,1,N/A,6000,2026-09-03T05:10:47Z
Frostbite_ykunnmjg_6010_O,ykunnmjg,finished,486129f,num_valid_anchors,261.5,True,50000,50000,3000,20000,5000,retrieved,3.5,11,1,N/A,6010,2026-09-03T05:11:08Z
BattleZone_co5yu3w3_2000_O,co5yu3w3,finished,486129f,num_valid_anchors,5550,True,50000,50000,3000,20000,5000,retrieved,3.5,11,1,N/A,2000,2026-09-03T05:11:55Z
Frostbite_lby3b31o_10_O,lby3b31o,finished,486129f,num_valid_anchors,2301,True,50000,50000,3000,20000,5000,retrieved,3.5,11,1,N/A,10,2026-09-03T05:56:53Z
Frostbite_b6a6mk2q_710_O,b6a6mk2q,finished,486129f,num_valid_anchors,2609,True,50000,50000,3000,20000,5000,retrieved,3.5,11,1,N/A,710,2026-09-03T06:33:25Z
BattleZone_00jmh25e_2010_O,00jmh25e,finished,486129f,num_valid_anchors,13900,True,50000,50000,3000,20000,5000,retrieved,3.5,11,1,N/A,2010,2026-09-03T07:07:06Z
UpNDown_swshjz4c_6000_O,swshjz4c,finished,486129f,num_valid_anchors,5670,True,50000,50000,3000,20000,5000,retrieved,3.5,11,1,N/A,6000,2026-09-03T07:38:12Z
UpNDown_gfu9tg3g_6010_O,gfu9tg3g,finished,486129f,num_valid_anchors,7178,True,50000,50000,3000,20000,5000,retrieved,3.5,11,1,N/A,6010,2026-09-03T07:39:25Z
Frostbite_pzj25g3d_3710_O,pzj25g3d,finished,486129f,num_valid_anchors,3242.5,True,50000,50000,3000,20000,5000,retrieved,3.5,11,1,N/A,3710,2026-09-03T08:36:44Z
Qbert_ox9latfb_10_O,ox9latfb,finished,486129f,num_valid_anchors,1918.75,True,50000,50000,3000,20000,5000,retrieved,3.5,11,1,N/A,10,2026-09-03T09:19:09Z
UpNDown_x7uzwomw_6020_O,x7uzwomw,finished,486129f,num_valid_anchors,3066,True,50000,50000,3000,20000,5000,retrieved,3.5,11,1,N/A,6020,2026-09-03T10:12:39Z
Qbert_ocgw5bmo_6000_O,ocgw5bmo,finished,486129f,num_valid_anchors,3782.5,True,50000,50000,3000,20000,5000,retrieved,3.5,11,1,N/A,6000,2026-09-03T10:16:15Z
Qbert_2gi0no2u_1_O,2gi0no2u,finished,486129f,num_valid_anchors,2818.75,True,50000,50000,3000,20000,5000,retrieved,3.5,11,1,N/A,1,2026-09-03T11:18:08Z
Qbert_7y38q8bu_3710_O,7y38q8bu,finished,486129f,num_valid_anchors,2553.75,True,50000,50000,3000,20000,5000,retrieved,3.5,11,1,N/A,3710,2026-09-03T12:10:25Z
BattleZone_cnv22oap_6000_O,cnv22oap,finished,486129f,num_valid_anchors,10950,True,50000,50000,3000,20000,5000,retrieved,3.5,11,1,N/A,6000,2026-09-03T12:44:45Z
BattleZone_yrq4azxd_6010_O,yrq4azxd,finished,486129f,num_valid_anchors,5900,True,50000,50000,3000,20000,5000,retrieved,3.5,11,1,N/A,6010,2026-09-03T12:45:29Z
Krull_6foystrq_2000_O,6foystrq,finished,486129f,num_valid_anchors,4851,True,50000,50000,3000,20000,5000,retrieved,3.5,11,1,N/A,2000,2026-09-03T13:19:19Z
Alien_3810f6xi_1_O,3810f6xi,finished,486129f,num_valid_anchors,1151,True,50000,50000,3000,20000,5000,retrieved,3.5,11,1,N/A,1,2026-09-03T13:57:06Z
Amidar_zl4mdqxb_1_O,zl4mdqxb,finished,486129f,num_valid_anchors,144.6,True,50000,50000,3000,20000,5000,retrieved,3.5,11,1,N/A,1,2026-09-03T14:51:15Z
BattleZone_tmr7bbn5_6020_O,tmr7bbn5,finished,486129f,num_valid_anchors,7450,True,50000,50000,3000,20000,5000,retrieved,3.5,11,1,N/A,6020,2026-09-03T15:18:56Z
Alien_jkskja9j_6000_O,jkskja9j,finished,486129f,num_valid_anchors,1303.5,True,50000,50000,3000,20000,5000,retrieved,3.5,11,1,N/A,6000,2026-09-03T15:19:42Z
Krull_uk1s6s8x_2010_O,uk1s6s8x,finished,486129f,num_valid_anchors,6044,True,50000,50000,3000,20000,5000,retrieved,3.5,11,1,N/A,2010,2026-09-03T16:00:44Z
Assault_e6itftuv_1_O,e6itftuv,finished,486129f,num_valid_anchors,740.75,True,50000,50000,3000,20000,5000,retrieved,3.5,11,1,N/A,1,2026-09-03T16:37:01Z
Asterix_h7aofkuv_10_O,h7aofkuv,finished,486129f,num_valid_anchors,467.5,True,50000,50000,3000,20000,5000,retrieved,3.5,11,1,N/A,10,2026-09-03T17:32:10Z
Alien_7lc9bxth_6010_O,7lc9bxth,finished,486129f,num_valid_anchors,1032,True,50000,50000,3000,20000,5000,retrieved,3.5,11,1,N/A,6010,2026-09-03T17:52:24Z
Amidar_jbm316dm_6000_O,jbm316dm,finished,486129f,num_valid_anchors,211.7,True,50000,50000,3000,20000,5000,retrieved,3.5,11,1,N/A,6000,2026-09-03T17:52:56Z
Asterix_toxgeo04_3710_O,toxgeo04,finished,486129f,num_valid_anchors,677.5,True,50000,50000,3000,20000,5000,retrieved,3.5,11,1,N/A,3710,2026-09-03T19:16:44Z
Boxing_zsaukhwx_10_O,zsaukhwx,finished,486129f,num_valid_anchors,74.85,True,50000,50000,3000,20000,5000,retrieved,3.5,11,1,N/A,10,2026-09-03T20:13:21Z
Amidar_rxipad36_6010_O,rxipad36,finished,486129f,num_valid_anchors,124.75,True,50000,50000,3000,20000,5000,retrieved,3.5,11,1,N/A,6010,2026-09-03T20:22:34Z
Amidar_ginz9ksm_6020_O,ginz9ksm,finished,486129f,num_valid_anchors,159.3,True,50000,50000,3000,20000,5000,retrieved,3.5,11,1,N/A,6020,2026-09-03T20:25:20Z
Alien_ts6fn9ut_2000_O,ts6fn9ut,finished,486129f,num_valid_anchors,641,True,50000,50000,3000,20000,5000,retrieved,3.5,11,1,N/A,2000,2026-09-03T21:18:33Z
Breakout_ix0b33ni_10_O,ix0b33ni,finished,486129f,num_valid_anchors,12.1,True,50000,50000,3000,20000,5000,retrieved,3.5,11,1,N/A,10,2026-09-03T21:55:23Z
Breakout_hkojwxtr_3710_O,hkojwxtr,finished,486129f,num_valid_anchors,15.6,True,50000,50000,3000,20000,5000,retrieved,3.5,11,1,N/A,3710,2026-09-03T22:55:26Z
Assault_piki59lv_6000_O,piki59lv,finished,486129f,num_valid_anchors,1033.7,True,50000,50000,3000,20000,5000,retrieved,3.5,11,1,N/A,6000,2026-09-03T22:55:34Z
Assault_holuktxi_6010_O,holuktxi,finished,486129f,num_valid_anchors,867.85,True,50000,50000,3000,20000,5000,retrieved,3.5,11,1,N/A,6010,2026-09-03T22:58:32Z
Assault_d0c7w16z_2000_O,d0c7w16z,finished,486129f,num_valid_anchors,693.3,True,50000,50000,3000,20000,5000,retrieved,3.5,11,1,N/A,2000,2026-09-03T23:48:23Z
ChopperCommand_as286v3o_710_O,as286v3o,finished,486129f,num_valid_anchors,1360,True,50000,50000,3000,20000,5000,retrieved,3.5,11,1,N/A,710,2026-09-04T00:34:10Z
Frostbite_z2fj3dto_6000_O,z2fj3dto,finished,0bf6280,num_valid_anchors,2908,True,50000,50000,3000,20000,5000,retrieved,3.5,10,4,N/A,6000,2026-09-04T01:25:40Z
Frostbite_wrieli6l_6010_O,wrieli6l,finished,0bf6280,num_valid_anchors,265.5,True,50000,50000,3000,20000,5000,retrieved,3.5,10,4,N/A,6010,2026-09-04T01:29:35Z
Frostbite_3aw2qy1m_10_O,3aw2qy1m,finished,0bf6280,num_valid_anchors,2614.5,True,50000,50000,3000,20000,5000,retrieved,3.5,10,4,N/A,10,2026-09-04T01:36:30Z
Frostbite_fx9yt267_710_O,fx9yt267,finished,0bf6280,num_valid_anchors,2107,True,50000,50000,3000,20000,5000,retrieved,3.5,10,4,N/A,710,2026-09-04T03:14:04Z
UpNDown_mxxube7u_6000_O,mxxube7u,finished,0bf6280,num_valid_anchors,5422,True,50000,50000,3000,20000,5000,retrieved,3.5,10,4,N/A,6000,2026-09-04T04:03:11Z
UpNDown_vc4snhnm_6010_O,vc4snhnm,finished,0bf6280,num_valid_anchors,6443,True,50000,50000,3000,20000,5000,retrieved,3.5,10,4,N/A,6010,2026-09-04T04:03:13Z
Frostbite_3xzn7qnm_3710_O,3xzn7qnm,finished,0bf6280,num_valid_anchors,2895.5,True,50000,50000,3000,20000,5000,retrieved,3.5,10,4,N/A,3710,2026-09-04T04:22:29Z
BattleZone_pt5aobcs_2000_O,pt5aobcs,finished,0bf6280,num_valid_anchors,10050,True,50000,50000,3000,20000,5000,retrieved,3.5,10,4,N/A,2000,2026-09-04T04:26:04Z
Qbert_e3gc8nbv_10_O,e3gc8nbv,finished,0bf6280,num_valid_anchors,2887.5,True,50000,50000,3000,20000,5000,retrieved,3.5,10,4,N/A,10,2026-09-04T05:59:03Z
UpNDown_0sjs86to_6020_O,0sjs86to,finished,0bf6280,num_valid_anchors,3493.5,True,50000,50000,3000,20000,5000,retrieved,3.5,10,4,N/A,6020,2026-09-04T06:34:00Z
Qbert_8vvg6qrp_6000_O,8vvg6qrp,finished,0bf6280,num_valid_anchors,3366.25,True,50000,50000,3000,20000,5000,retrieved,3.5,10,4,N/A,6000,2026-09-04T06:41:48Z
BattleZone_wr7d60ed_2010_O,wr7d60ed,finished,0bf6280,num_valid_anchors,12000,True,50000,50000,3000,20000,5000,retrieved,3.5,10,4,N/A,2010,2026-09-04T07:13:51Z
Qbert_53tmhdip_1_O,53tmhdip,finished,0bf6280,num_valid_anchors,3486.25,True,50000,50000,3000,20000,5000,retrieved,3.5,10,4,N/A,1,2026-09-04T07:16:26Z
Qbert_p0086jqt_3710_O,p0086jqt,finished,0bf6280,num_valid_anchors,1975,True,50000,50000,3000,20000,5000,retrieved,3.5,10,4,N/A,3710,2026-09-04T08:41:49Z
BattleZone_qjxrwb4c_6000_O,qjxrwb4c,finished,0bf6280,num_valid_anchors,12750,True,50000,50000,3000,20000,5000,retrieved,3.5,10,4,N/A,6000,2026-09-04T09:23:36Z
BattleZone_t64tsjty_6010_O,t64tsjty,finished,0bf6280,num_valid_anchors,7350,True,50000,50000,3000,20000,5000,retrieved,3.5,10,4,N/A,6010,2026-09-04T09:24:23Z
Alien_2vcgxgdx_1_O,2vcgxgdx,finished,0bf6280,num_valid_anchors,1119,True,50000,50000,3000,20000,5000,retrieved,3.5,10,4,N/A,1,2026-09-04T10:01:24Z
Amidar_tj7lde7m_1_O,tj7lde7m,finished,0bf6280,num_valid_anchors,127,True,50000,50000,3000,20000,5000,retrieved,3.5,10,4,N/A,1,2026-09-04T11:24:56Z
BattleZone_q8f0u669_6020_O,q8f0u669,finished,0bf6280,num_valid_anchors,6850,True,50000,50000,3000,20000,5000,retrieved,3.5,10,4,N/A,6020,2026-09-04T11:52:58Z
Alien_mait1mtk_6000_O,mait1mtk,finished,0bf6280,num_valid_anchors,1042,True,50000,50000,3000,20000,5000,retrieved,3.5,10,4,N/A,6000,2026-09-04T11:56:27Z
Assault_2gdrofw8_1_O,2gdrofw8,finished,0bf6280,num_valid_anchors,690.3,True,50000,50000,3000,20000,5000,retrieved,3.5,10,4,N/A,1,2026-09-04T12:45:20Z
Krull_dknbluul_2000_O,dknbluul,finished,0bf6280,num_valid_anchors,4885.5,True,50000,50000,3000,20000,5000,retrieved,3.5,10,4,N/A,2000,2026-09-04T13:20:18Z
Asterix_16tpcrn0_10_O,16tpcrn0,finished,0bf6280,num_valid_anchors,640,True,50000,50000,3000,20000,5000,retrieved,3.5,10,4,N/A,10,2026-09-04T14:07:34Z
Alien_ifxnbtaw_6010_O,ifxnbtaw,finished,0bf6280,num_valid_anchors,850.5,True,50000,50000,3000,20000,5000,retrieved,3.5,10,4,N/A,6010,2026-09-04T14:32:46Z
Amidar_ekj5imtv_6000_O,ekj5imtv,finished,0bf6280,num_valid_anchors,187.75,True,50000,50000,3000,20000,5000,retrieved,3.5,10,4,N/A,6000,2026-09-04T14:37:10Z
Asterix_k4o02nt6_3710_O,k4o02nt6,finished,0bf6280,num_valid_anchors,760,True,50000,50000,3000,20000,5000,retrieved,3.5,10,4,N/A,3710,2026-09-04T15:34:34Z
Krull_3meip5qr_2010_O,3meip5qr,finished,0bf6280,num_valid_anchors,5247.5,True,50000,50000,3000,20000,5000,retrieved,3.5,10,4,N/A,2010,2026-09-04T15:48:32Z
Boxing_2q3ainje_10_O,2q3ainje,finished,0bf6280,num_valid_anchors,76.95,True,50000,50000,3000,20000,5000,retrieved,3.5,10,4,N/A,10,2026-09-04T16:53:26Z
Amidar_jdwldqmc_6010_O,jdwldqmc,finished,0bf6280,num_valid_anchors,196.55,True,50000,50000,3000,20000,5000,retrieved,3.5,10,4,N/A,6010,2026-09-04T17:02:33Z
Amidar_zp9s9g3s_6020_O,zp9s9g3s,finished,0bf6280,num_valid_anchors,266.55,True,50000,50000,3000,20000,5000,retrieved,3.5,10,4,N/A,6020,2026-09-04T17:08:58Z
Breakout_lu0fnh60_10_O,lu0fnh60,finished,0bf6280,num_valid_anchors,10.65,True,50000,50000,3000,20000,5000,retrieved,3.5,10,4,N/A,10,2026-09-04T18:20:44Z
Breakout_po5gth3a_3710_O,po5gth3a,finished,0bf6280,num_valid_anchors,13.35,True,50000,50000,3000,20000,5000,retrieved,3.5,10,4,N/A,3710,2026-09-04T19:39:32Z
Assault_7nhwcqlf_6000_O,7nhwcqlf,finished,0bf6280,num_valid_anchors,784.6,True,50000,50000,3000,20000,5000,retrieved,3.5,10,4,N/A,6000,2026-09-04T19:40:30Z
Assault_qoh8h7k3_6010_O,qoh8h7k3,finished,0bf6280,num_valid_anchors,733.4,True,50000,50000,3000,20000,5000,retrieved,3.5,10,4,N/A,6010,2026-09-04T19:46:05Z
ChopperCommand_nl82qf67_710_O,nl82qf67,finished,0bf6280,num_valid_anchors,1675,True,50000,50000,3000,20000,5000,retrieved,3.5,10,4,N/A,710,2026-09-04T21:06:42Z
Alien_9p4hlkr3_2000_O,9p4hlkr3,finished,0bf6280,num_valid_anchors,682,True,50000,50000,3000,20000,5000,retrieved,3.5,10,4,N/A,2000,2026-09-04T21:40:22Z
Asterix_6c7rqdbx_6000_O,6c7rqdbx,finished,0bf6280,num_valid_anchors,1205,True,50000,50000,3000,20000,5000,retrieved,3.5,10,4,N/A,6000,2026-09-04T22:10:15Z
Asterix_2kxjhcda_6010_O,2kxjhcda,finished,0bf6280,num_valid_anchors,562.5,True,50000,50000,3000,20000,5000,retrieved,3.5,10,4,N/A,6010,2026-09-04T22:20:53Z
ChopperCommand_tvlw910l_3710_O,tvlw910l,finished,0bf6280,num_valid_anchors,1540,True,50000,50000,3000,20000,5000,retrieved,3.5,10,4,N/A,3710,2026-09-04T22:24:03Z
CrazyClimber_kui99qu2_10_O,kui99qu2,finished,0bf6280,num_valid_anchors,52235,True,50000,50000,3000,20000,5000,retrieved,3.5,10,4,N/A,10,2026-09-04T23:53:36Z
Assault_3obboump_2000_O,3obboump,finished,0bf6280,num_valid_anchors,675.45,True,50000,50000,3000,20000,5000,retrieved,3.5,10,4,N/A,2000,2026-09-05T00:18:20Z
BankHeist_mkpw1wga_6000_O,mkpw1wga,finished,0bf6280,num_valid_anchors,619.5,True,50000,50000,3000,20000,5000,retrieved,3.5,10,4,N/A,6000,2026-09-05T00:58:14Z
BankHeist_3cie3f5l_6010_O,3cie3f5l,finished,0bf6280,num_valid_anchors,173.5,True,50000,50000,3000,20000,5000,retrieved,3.5,10,4,N/A,6010,2026-09-05T00:58:18Z
CrazyClimber_w071aum0_3710_O,w071aum0,finished,0bf6280,num_valid_anchors,55245,True,50000,50000,3000,20000,5000,retrieved,3.5,10,4,N/A,3710,2026-09-05T01:08:43Z
DemonAttack_8cp7cfbx_10_O,8cp7cfbx,finished,0bf6280,num_valid_anchors,159.25,True,50000,50000,3000,20000,5000,retrieved,3.5,10,4,N/A,10,2026-09-05T02:39:29Z
BankHeist_ip2ptxm8_6020_O,ip2ptxm8,finished,0bf6280,num_valid_anchors,348,True,50000,50000,3000,20000,5000,retrieved,3.5,10,4,N/A,6020,2026-09-05T03:25:49Z
Boxing_1vuh79ui_6000_O,1vuh79ui,finished,0bf6280,num_valid_anchors,61.15,True,50000,50000,3000,20000,5000,retrieved,3.5,10,4,N/A,6000,2026-09-05T03:33:05Z
Gopher_dtv4tfm2_10_O,dtv4tfm2,finished,0bf6280,num_valid_anchors,2972,True,50000,50000,3000,20000,5000,retrieved,3.5,10,4,N/A,10,2026-09-05T03:52:50Z
BankHeist_u7vboryf_2000_O,u7vboryf,finished,0bf6280,num_valid_anchors,175.5,True,50000,50000,3000,20000,5000,retrieved,3.5,10,4,N/A,2000,2026-09-05T05:24:47Z
Gopher_55cqyaw3_3710_O,55cqyaw3,finished,0bf6280,num_valid_anchors,5071,True,50000,50000,3000,20000,5000,retrieved,3.5,10,4,N/A,3710,2026-09-05T05:40:35Z
Boxing_ehhbcq9i_6010_O,ehhbcq9i,finished,0bf6280,num_valid_anchors,78.7,True,50000,50000,3000,20000,5000,retrieved,3.5,10,4,N/A,6010,2026-09-05T06:10:35Z
Boxing_0jxxy2ck_6020_O,0jxxy2ck,finished,0bf6280,num_valid_anchors,84,True,50000,50000,3000,20000,5000,retrieved,3.5,10,4,N/A,6020,2026-09-05T06:12:16Z
Hero_zagj621b_10_O,zagj621b,finished,0bf6280,num_valid_anchors,12006.5,True,50000,50000,3000,20000,5000,retrieved,3.5,10,4,N/A,10,2026-09-05T06:39:56Z
Kangaroo_17osyjqo_2000_O,17osyjqo,finished,0bf6280,num_valid_anchors,1520,True,50000,50000,3000,20000,5000,retrieved,3.5,10,4,N/A,2000,2026-09-05T07:44:18Z
Hero_65hprz52_710_O,65hprz52,finished,0bf6280,num_valid_anchors,12988.75,True,50000,50000,3000,20000,5000,retrieved,3.5,10,4,N/A,710,2026-09-05T08:30:05Z
Breakout_70qjdrf7_6000_O,70qjdrf7,finished,0bf6280,num_valid_anchors,12.95,True,50000,50000,3000,20000,5000,retrieved,3.5,10,4,N/A,6000,2026-09-05T08:38:59Z
Breakout_34s1gwow_6010_O,34s1gwow,finished,0bf6280,num_valid_anchors,9.6,True,50000,50000,3000,20000,5000,retrieved,3.5,10,4,N/A,6010,2026-09-05T08:51:32Z
Hero_n2ojqw99_3710_O,n2ojqw99,finished,0bf6280,num_valid_anchors,13014.25,True,50000,50000,3000,20000,5000,retrieved,3.5,10,4,N/A,3710,2026-09-05T09:35:18Z
Jamesbond_pud0832v_10_O,pud0832v,finished,0bf6280,num_valid_anchors,370,True,50000,50000,3000,20000,5000,retrieved,3.5,10,4,N/A,10,2026-09-05T11:18:14Z
ChopperCommand_71h5hbmr_6000_O,71h5hbmr,finished,0bf6280,num_valid_anchors,1515,True,50000,50000,3000,20000,5000,retrieved,3.5,10,4,N/A,6000,2026-09-05T11:26:16Z
CrazyClimber_g60g0k6u_6000_O,g60g0k6u,finished,0bf6280,num_valid_anchors,57580,True,50000,50000,3000,20000,5000,retrieved,3.5,10,4,N/A,6000,2026-09-05T11:29:27Z
Jamesbond_dikonkyx_710_O,dikonkyx,finished,0a33820,num_valid_anchors,412.5,True,50000,50000,3000,20000,5000,retrieved,3.5,10,4,N/A,710,2026-09-05T12:21:59Z
KungFuMaster_aik6bt4t_2000_O,aik6bt4t,finished,0bf6280,num_valid_anchors,21195,True,50000,50000,3000,20000,5000,retrieved,3.5,10,4,N/A,2000,2026-09-05T13:49:07Z
CrazyClimber_ntlaiwdx_6010_O,ntlaiwdx,finished,0bf6280,num_valid_anchors,54185,True,50000,50000,3000,20000,5000,retrieved,3.5,10,4,N/A,6010,2026-09-05T13:54:29Z
DemonAttack_4r4mkvwm_6000_O,4r4mkvwm,finished,0bf6280,num_valid_anchors,125,True,50000,50000,3000,20000,5000,retrieved,3.5,10,4,N/A,6000,2026-09-05T14:02:47Z
Jamesbond_ybqffj1c_3710_O,ybqffj1c,finished,0a33820,num_valid_anchors,550,True,50000,50000,3000,20000,5000,retrieved,3.5,10,4,N/A,3710,2026-09-05T14:05:38Z
Kangaroo_pdca5ikf_10_O,pdca5ikf,finished,0a33820,num_valid_anchors,1740,True,50000,50000,3000,20000,5000,retrieved,3.5,10,4,N/A,10,2026-09-05T15:08:27Z
Pong_dekzu94w_2000_O,dekzu94w,finished,0bf6280,num_valid_anchors,5.4,True,50000,50000,3000,20000,5000,retrieved,3.5,10,4,N/A,2000,2026-09-05T16:20:36Z
DemonAttack_yh5mfci2_6010_O,yh5mfci2,finished,0bf6280,num_valid_anchors,168,True,50000,50000,3000,20000,5000,retrieved,3.5,10,4,N/A,6010,2026-09-05T16:34:29Z
DemonAttack_cwwm6dkt_6020_O,cwwm6dkt,finished,0bf6280,num_valid_anchors,216,True,50000,50000,3000,20000,5000,retrieved,3.5,10,4,N/A,6020,2026-09-05T16:39:57Z
Krull_bel72ams_10_O,bel72ams,finished,0a33820,num_valid_anchors,6096.5,True,50000,50000,3000,20000,5000,retrieved,3.5,10,4,N/A,10,2026-09-05T17:04:20Z
KungFuMaster_oni1rl1n_10_O,oni1rl1n,finished,0a33820,num_valid_anchors,28085,True,50000,50000,3000,20000,5000,retrieved,3.5,10,4,N/A,10,2026-09-05T17:57:55Z
Gopher_gsvmbdpy_6000_O,gsvmbdpy,finished,0bf6280,num_valid_anchors,1051,True,50000,50000,3000,20000,5000,retrieved,3.5,10,4,N/A,6000,2026-09-05T19:03:18Z
Gopher_ic64hxjj_6010_O,ic64hxjj,finished,0bf6280,num_valid_anchors,2234,True,50000,50000,3000,20000,5000,retrieved,3.5,10,4,N/A,6010,2026-09-05T19:14:21Z
MsPacman_uvarucxg_10_O,uvarucxg,finished,0a33820,num_valid_anchors,2583.5,True,50000,50000,3000,20000,5000,retrieved,3.5,10,4,N/A,10,2026-09-05T20:00:14Z
MsPacman_5typ27il_1_O,5typ27il,finished,0a33820,num_valid_anchors,1602.5,True,50000,50000,3000,20000,5000,retrieved,3.5,10,4,N/A,1,2026-09-05T20:45:38Z
Gopher_t2m6ggbo_6020_O,t2m6ggbo,finished,0bf6280,num_valid_anchors,6449,True,50000,50000,3000,20000,5000,retrieved,3.5,10,4,N/A,6020,2026-09-05T21:46:14Z
Hero_yie2utss_6000_O,yie2utss,finished,0bf6280,num_valid_anchors,13259.25,True,50000,50000,3000,20000,5000,retrieved,3.5,10,4,N/A,6000,2026-09-05T21:59:56Z
Amidar_wlmoa8jf_2000_O,wlmoa8jf,finished,0bf6280,num_valid_anchors,148.9,True,50000,50000,3000,20000,5000,retrieved,3.5,10,4,N/A,2000,2026-09-05T22:03:03Z
MsPacman_ib1zhd0c_3710_O,ib1zhd0c,finished,0a33820,num_valid_anchors,2021.5,True,50000,50000,3000,20000,5000,retrieved,3.5,10,4,N/A,3710,2026-09-05T22:45:54Z
Pong_x0k7i34y_10_O,x0k7i34y,finished,0a33820,num_valid_anchors,12.3,True,50000,50000,3000,20000,5000,retrieved,3.5,10,4,N/A,10,2026-09-05T23:28:12Z
Hero_zm1prcdi_6010_O,zm1prcdi,finished,0bf6280,num_valid_anchors,13452,True,50000,50000,3000,20000,5000,retrieved,3.5,10,4,N/A,6010,2026-09-06T00:19:41Z
Hero_k8ojvqie_6020_O,k8ojvqie,finished,0bf6280,num_valid_anchors,13431.25,True,50000,50000,3000,20000,5000,retrieved,3.5,10,4,N/A,6020,2026-09-06T00:24:13Z
Qbert_8yv3yf7e_3710_O,8yv3yf7e,finished,0a33820,num_valid_anchors,2718.75,True,50000,50000,3000,20000,5000,retrieved,3.5,10,4,N/A,3710,2026-09-06T01:31:05Z
RoadRunner_2d26p8y1_10_O,2d26p8y1,finished,0a33820,num_valid_anchors,15745,True,50000,50000,3000,20000,5000,retrieved,3.5,10,4,N/A,10,2026-09-06T02:17:01Z
Frostbite_bgs3j37r_3710_O,bgs3j37r,finished,bb78b2c,num_valid_anchors,2684,True,50000,50000,3000,20000,5000,retrieved,3.5,10,16,0.4,3710,2026-09-06T05:17:56Z
BattleZone_g4pz4opw_6020_O,g4pz4opw,finished,6cbc6f4,num_valid_anchors,5500,True,50000,50000,3000,20000,5000,retrieved,3.5,10,16,0.4,6020,2026-09-06T05:24:01Z
BattleZone_uchbpd6m_6010_O,uchbpd6m,finished,6cbc6f4,num_valid_anchors,9500,True,50000,50000,3000,20000,5000,retrieved,3.5,10,16,0.4,6010,2026-09-06T05:24:13Z
BattleZone_9x6zxjh5_2010_O,9x6zxjh5,finished,6cbc6f4,num_valid_anchors,12750,True,50000,50000,3000,20000,5000,retrieved,3.5,10,16,0.4,2010,2026-09-06T05:24:26Z
BattleZone_worr06cx_2000_O,worr06cx,finished,6cbc6f4,num_valid_anchors,12400,True,50000,50000,3000,20000,5000,retrieved,3.5,10,16,0.4,2000,2026-09-06T05:24:29Z
Frostbite_hru15nv5_710_O,hru15nv5,finished,6cbc6f4,num_valid_anchors,2493.5,True,50000,50000,3000,20000,5000,retrieved,3.5,10,16,0.4,710,2026-09-06T05:26:47Z
BattleZone_bcp6aceb_6000_O,bcp6aceb,finished,6cbc6f4,num_valid_anchors,9300,True,50000,50000,3000,20000,5000,retrieved,3.5,10,16,0.4,6000,2026-09-06T05:32:58Z
Frostbite_saezpd09_6010_O,saezpd09,finished,6cbc6f4,num_valid_anchors,240,True,50000,50000,3000,20000,5000,retrieved,3.5,10,16,0.4,6010,2026-09-06T05:34:49Z
Frostbite_hmnnb6dt_10_O,hmnnb6dt,finished,aa1d395,num_valid_anchors,2127.5,True,50000,50000,3000,20000,5000,retrieved,3.5,10,16,0.4,10,2026-09-06T08:07:15Z
Qbert_gjhharv9_3710_O,gjhharv9,finished,aa1d395,num_valid_anchors,2226.25,True,50000,50000,3000,20000,5000,retrieved,3.5,10,16,0.4,3710,2026-09-06T08:17:46Z
Frostbite_66aoh95h_6000_O,66aoh95h,finished,aa1d395,num_valid_anchors,1969.5,True,50000,50000,3000,20000,5000,retrieved,3.5,10,16,0.4,6000,2026-09-06T10:37:34Z
Qbert_6eos9yad_6000_O,6eos9yad,finished,aa1d395,num_valid_anchors,3712.5,True,50000,50000,3000,20000,5000,retrieved,3.5,10,16,0.4,6000,2026-09-06T10:37:47Z
UpNDown_od6dz985_6020_O,od6dz985,finished,aa1d395,num_valid_anchors,3092.5,True,50000,50000,3000,20000,5000,retrieved,3.5,10,16,0.4,6020,2026-09-06T10:47:52Z
UpNDown_85iu03z8_6010_O,85iu03z8,finished,aa1d395,num_valid_anchors,6277,True,50000,50000,3000,20000,5000,retrieved,3.5,10,16,0.4,6010,2026-09-06T10:51:07Z
Qbert_ta82zwcr_10_O,ta82zwcr,finished,aa1d395,num_valid_anchors,2205,True,50000,50000,3000,20000,5000,retrieved,3.5,10,16,0.4,10,2026-09-06T10:59:44Z
Qbert_likyq9wu_1_O,likyq9wu,finished,aa1d395,num_valid_anchors,2335,True,50000,50000,3000,20000,5000,retrieved,3.5,10,16,0.4,1,2026-09-06T11:06:26Z
Krull_g9hwc59t_2010_O,g9hwc59t,finished,6cbc6f4,num_valid_anchors,5893.5,True,50000,50000,3000,20000,5000,retrieved,3.5,10,16,0.4,2010,2026-09-06T12:46:39Z
Krull_yvuqdsg3_2000_O,yvuqdsg3,finished,6cbc6f4,num_valid_anchors,3667.5,True,50000,50000,3000,20000,5000,retrieved,3.5,10,16,0.4,2000,2026-09-06T12:55:57Z
Krull_8nswiawj_10_O,8nswiawj,finished,aa1d395,num_valid_anchors,6858.5,True,50000,50000,3000,20000,5000,retrieved,3.5,10,16,0.4,10,2026-09-06T13:46:19Z
UpNDown_pdl9tqre_1_O,pdl9tqre,finished,aa1d395,num_valid_anchors,6992.5,True,50000,50000,3000,20000,5000,retrieved,3.5,10,16,0.4,1,2026-09-06T13:52:24Z
UpNDown_b0jkbwmu_6000_O,b0jkbwmu,finished,aa1d395,num_valid_anchors,5697.5,True,50000,50000,3000,20000,5000,retrieved,3.5,10,16,0.4,6000,2026-09-06T15:47:00Z
Assault_bh0bw8i3_6010_X,bh0bw8i3,finished,aa1d395,num_valid_anchors,832.5,False,N/A,N/A,3000,20000,5000,retrieved,3.5,10,16,0.4,6010,2026-09-06T15:51:38Z
Asterix_e3ypvw05_6010_X,e3ypvw05,finished,aa1d395,num_valid_anchors,675,False,N/A,N/A,3000,20000,5000,retrieved,3.5,10,16,0.4,6010,2026-09-06T16:14:42Z
Asterix_w9ywq1kc_6000_X,w9ywq1kc,finished,aa1d395,num_valid_anchors,942.5,False,N/A,N/A,3000,20000,5000,retrieved,3.5,10,16,0.4,6000,2026-09-06T16:21:45Z
Krull_w7rex1z4_10_X,w7rex1z4,finished,aa1d395,num_valid_anchors,6202,False,N/A,N/A,3000,20000,5000,retrieved,3.5,10,16,0.4,10,2026-09-06T16:48:59Z
Krull_zj353rj8_3710_X,zj353rj8,finished,aa1d395,num_valid_anchors,6107.5,False,N/A,N/A,3000,20000,5000,retrieved,3.5,10,16,0.4,3710,2026-09-06T16:58:15Z
Krull_t3imlrmh_710_X,t3imlrmh,finished,aa1d395,num_valid_anchors,5689,False,N/A,N/A,3000,20000,5000,retrieved,3.5,10,16,0.4,710,2026-09-06T19:26:40Z
UpNDown_9qeudy0o_3710_X,9qeudy0o,finished,aa1d395,num_valid_anchors,5849,False,N/A,N/A,3000,20000,5000,retrieved,3.5,10,16,0.4,3710,2026-09-06T19:37:43Z
Qbert_cy8jxl8t_2000_O,cy8jxl8t,finished,6cbc6f4,num_valid_anchors,2983.75,True,50000,50000,3000,20000,5000,retrieved,3.5,10,16,0.4,2000,2026-09-06T20:03:36Z
Alien_vm5gvx9f_2000_O,vm5gvx9f,finished,6cbc6f4,num_valid_anchors,697.5,True,50000,50000,3000,20000,5000,retrieved,3.5,10,16,0.4,2000,2026-09-06T20:25:13Z
BankHeist_e0228fk7_6020_X,e0228fk7,finished,aa1d395,num_valid_anchors,677,False,N/A,N/A,3000,20000,5000,retrieved,3.5,10,16,0.4,6020,2026-09-06T20:43:44Z
BankHeist_crlhbzlo_6010_X,crlhbzlo,finished,aa1d395,num_valid_anchors,170,False,N/A,N/A,3000,20000,5000,retrieved,3.5,10,16,0.4,6010,2026-09-06T21:08:24Z
BankHeist_pv677rc8_6000_X,pv677rc8,finished,aa1d395,num_valid_anchors,246,False,N/A,N/A,3000,20000,5000,retrieved,3.5,10,16,0.4,6000,2026-09-06T21:17:53Z
Boxing_gfyn8hz0_6000_X,gfyn8hz0,finished,aa1d395,num_valid_anchors,70.4,False,N/A,N/A,3000,20000,5000,retrieved,3.5,10,16,0.4,6000,2026-09-06T21:18:44Z
Krull_tn3wop1x_3710_O,tn3wop1x,finished,aa1d395,num_valid_anchors,6280.5,True,50000,50000,3000,20000,5000,retrieved,3.5,10,16,0.4,3710,2026-09-06T22:04:06Z
Krull_zgszlz75_710_O,zgszlz75,finished,aa1d395,num_valid_anchors,5958,True,50000,50000,3000,20000,5000,retrieved,3.5,10,16,0.4,710,2026-09-06T22:19:44Z
UpNDown_3o3vuyjd_3710_O,3o3vuyjd,finished,aa1d395,num_valid_anchors,6609,True,50000,50000,3000,20000,5000,retrieved,3.5,10,16,0.4,3710,2026-09-07T00:58:42Z
DemonAttack_8205suyf_10_X,8205suyf,finished,aa1d395,num_valid_anchors,214.25,False,N/A,N/A,3000,20000,5000,retrieved,3.5,10,16,0.4,10,2026-09-07T01:16:09Z
Alien_p3lfwv2c_6010_O,p3lfwv2c,finished,aa1d395,num_valid_anchors,1003,True,50000,50000,3000,20000,5000,retrieved,3.5,10,16,0.4,6010,2026-09-07T01:40:28Z
Alien_e66fzu94_6000_O,e66fzu94,finished,aa1d395,num_valid_anchors,1525.5,True,50000,50000,3000,20000,5000,retrieved,3.5,10,16,0.4,6000,2026-09-07T02:08:29Z
Amidar_562wpxju_6000_O,562wpxju,finished,aa1d395,num_valid_anchors,170.25,True,50000,50000,3000,20000,5000,retrieved,3.5,10,16,0.4,6000,2026-09-07T02:14:55Z
Amidar_hgi1cgq8_6020_O,hgi1cgq8,finished,aa1d395,num_valid_anchors,173.25,True,50000,50000,3000,20000,5000,retrieved,3.5,10,16,0.4,6020,2026-09-07T02:15:31Z
Assault_pvowjm0v_2000_O,pvowjm0v,finished,6cbc6f4,num_valid_anchors,652.45,True,50000,50000,3000,20000,5000,retrieved,3.5,10,16,0.4,2000,2026-09-07T03:19:39Z
Gopher_w9ddyfb4_3710_X,w9ddyfb4,finished,aa1d395,num_valid_anchors,4219,False,N/A,N/A,3000,20000,5000,retrieved,3.5,10,16,0.4,3710,2026-09-07T03:54:21Z
Amidar_e61pscw7_2000_O,e61pscw7,finished,6cbc6f4,num_valid_anchors,201.1,True,50000,50000,3000,20000,5000,retrieved,3.5,10,16,0.4,2000,2026-09-07T03:54:42Z
Hero_5pfwi81q_710_X,5pfwi81q,finished,aa1d395,num_valid_anchors,13456.25,False,N/A,N/A,3000,20000,5000,retrieved,3.5,10,16,0.4,710,2026-09-07T04:01:08Z
Hero_ripirtlv_3710_X,ripirtlv,finished,aa1d395,num_valid_anchors,13081,False,N/A,N/A,3000,20000,5000,retrieved,3.5,10,16,0.4,3710,2026-09-07T06:33:58Z
Kangaroo_f8f6bg81_10_X,f8f6bg81,finished,aa1d395,num_valid_anchors,1770,False,N/A,N/A,3000,20000,5000,retrieved,3.5,10,16,0.4,10,2026-09-07T06:39:25Z
Amidar_mxb2s2v5_6010_O,mxb2s2v5,finished,aa1d395,num_valid_anchors,252.95,True,50000,50000,3000,20000,5000,retrieved,3.5,10,16,0.4,6010,2026-09-07T06:54:41Z
Assault_1n4c65xw_6000_O,1n4c65xw,finished,aa1d395,num_valid_anchors,936.3,True,50000,50000,3000,20000,5000,retrieved,3.5,10,16,0.4,6000,2026-09-07T07:20:38Z
BattleZone_cji89610_6020_O,cji89610,finished,a0bb09e,num_valid_anchors,5450,True,50000,50000,3000,20000,5000,retrieved,3.5,10,8,0.3,6020,2026-09-07T07:31:57Z
BattleZone_4pmjw5rd_6010_O,4pmjw5rd,finished,a0bb09e,num_valid_anchors,5850,True,50000,50000,3000,20000,5000,retrieved,3.5,10,8,0.3,6010,2026-09-07T07:32:10Z
Frostbite_vd1nv6gq_3710_O,vd1nv6gq,finished,a0bb09e,num_valid_anchors,2873,True,50000,50000,3000,20000,5000,retrieved,3.5,10,8,0.3,3710,2026-09-07T09:14:21Z
Frostbite_mmtk9ktt_710_O,mmtk9ktt,finished,a0bb09e,num_valid_anchors,1933.5,True,50000,50000,3000,20000,5000,retrieved,3.5,10,8,0.3,710,2026-09-07T09:17:06Z
BattleZone_4kscxnem_2010_O,4kscxnem,finished,cf14f32,num_valid_anchors,14650,True,50000,50000,3000,20000,5000,retrieved,3.5,10,8,0.3,2010,2026-09-07T10:52:24Z
BattleZone_b63y8xzf_2000_O,b63y8xzf,finished,cf14f32,num_valid_anchors,7600,True,50000,50000,3000,20000,5000,retrieved,3.5,10,8,0.3,2000,2026-09-07T11:08:38Z
Frostbite_wzi7a74g_10_O,wzi7a74g,finished,a0bb09e,num_valid_anchors,2469,True,50000,50000,3000,20000,5000,retrieved,3.5,10,8,0.3,10,2026-09-07T12:05:47Z
Qbert_3sk3f0ou_3710_O,3sk3f0ou,finished,a0bb09e,num_valid_anchors,2648.75,True,50000,50000,3000,20000,5000,retrieved,3.5,10,8,0.3,3710,2026-09-07T12:05:59Z
BattleZone_q2elmbiq_6000_O,q2elmbiq,finished,a0bb09e,num_valid_anchors,8100,True,50000,50000,3000,20000,5000,retrieved,3.5,10,8,0.3,6000,2026-09-07T12:08:40Z
Frostbite_1oilelbl_6010_O,1oilelbl,finished,a0bb09e,num_valid_anchors,243,True,50000,50000,3000,20000,5000,retrieved,3.5,10,8,0.3,6010,2026-09-07T12:41:10Z
Frostbite_d95hgy3u_6000_O,d95hgy3u,finished,a0bb09e,num_valid_anchors,2673.5,True,50000,50000,3000,20000,5000,retrieved,3.5,10,8,0.3,6000,2026-09-07T12:47:32Z
Qbert_0cmidcnw_6000_O,0cmidcnw,finished,a0bb09e,num_valid_anchors,3032.5,True,50000,50000,3000,20000,5000,retrieved,3.5,10,8,0.3,6000,2026-09-07T12:49:27Z
Qbert_x3gr2gw0_10_O,x3gr2gw0,finished,a0bb09e,num_valid_anchors,3235,True,50000,50000,3000,20000,5000,retrieved,3.5,10,8,0.3,10,2026-09-07T14:57:18Z
Qbert_ncy2ckvb_1_O,ncy2ckvb,finished,a0bb09e,num_valid_anchors,2147.5,True,50000,50000,3000,20000,5000,retrieved,3.5,10,8,0.3,1,2026-09-07T14:57:30Z
UpNDown_ncmupyjk_6020_O,ncmupyjk,finished,a0bb09e,num_valid_anchors,3049.5,True,50000,50000,3000,20000,5000,retrieved,3.5,10,8,0.3,6020,2026-09-07T17:18:49Z
Krull_jpcwqn68_10_O,jpcwqn68,finished,a0bb09e,num_valid_anchors,7436,True,50000,50000,3000,20000,5000,retrieved,3.5,10,8,0.3,10,2026-09-07T17:44:03Z
UpNDown_xkn56sdn_6010_O,xkn56sdn,finished,a0bb09e,num_valid_anchors,5784,True,50000,50000,3000,20000,5000,retrieved,3.5,10,8,0.3,6010,2026-09-07T17:47:44Z
UpNDown_wyx24xjy_6000_O,wyx24xjy,finished,a0bb09e,num_valid_anchors,5303,True,50000,50000,3000,20000,5000,retrieved,3.5,10,8,0.3,6000,2026-09-07T17:56:26Z
Alien_8bdmrj5n_6010_O,8bdmrj5n,finished,a0bb09e,num_valid_anchors,1012,True,50000,50000,3000,20000,5000,retrieved,3.5,10,8,0.3,6010,2026-09-07T17:57:19Z
UpNDown_10h0dasg_1_O,10h0dasg,finished,a0bb09e,num_valid_anchors,8285.5,True,50000,50000,3000,20000,5000,retrieved,3.5,10,8,0.3,1,2026-09-07T17:57:44Z
Krull_uu0xj5rw_2010_O,uu0xj5rw,finished,cf14f32,num_valid_anchors,5770,True,50000,50000,3000,20000,5000,retrieved,3.5,10,8,0.3,2010,2026-09-07T18:14:07Z
Krull_p3n0ctby_2000_O,p3n0ctby,finished,cf14f32,num_valid_anchors,4314,True,50000,50000,3000,20000,5000,retrieved,3.5,10,8,0.3,2000,2026-09-07T18:20:14Z
Krull_hhnw19y5_3710_O,hhnw19y5,finished,a0bb09e,num_valid_anchors,5637,True,50000,50000,3000,20000,5000,retrieved,3.5,10,8,0.3,3710,2026-09-07T20:36:00Z
Krull_ahr2u2hg_710_O,ahr2u2hg,finished,a0bb09e,num_valid_anchors,6586,True,50000,50000,3000,20000,5000,retrieved,3.5,10,8,0.3,710,2026-09-07T21:10:34Z
Alien_sbaidbrj_6000_O,sbaidbrj,finished,a0bb09e,num_valid_anchors,1234.5,True,50000,50000,3000,20000,5000,retrieved,3.5,10,8,0.3,6000,2026-09-07T22:35:11Z
Amidar_r5q59l20_6000_O,r5q59l20,finished,a0bb09e,num_valid_anchors,173.05,True,50000,50000,3000,20000,5000,retrieved,3.5,10,8,0.3,6000,2026-09-07T23:06:36Z
Amidar_cpurdalh_6020_O,cpurdalh,finished,a0bb09e,num_valid_anchors,251.45,True,50000,50000,3000,20000,5000,retrieved,3.5,10,8,0.3,6020,2026-09-07T23:11:55Z
Amidar_mh50pvad_6010_O,mh50pvad,finished,a0bb09e,num_valid_anchors,179.2,True,50000,50000,3000,20000,5000,retrieved,3.5,10,8,0.3,6010,2026-09-07T23:15:26Z
UpNDown_pgq5byva_3710_O,pgq5byva,finished,a0bb09e,num_valid_anchors,6405.5,True,50000,50000,3000,20000,5000,retrieved,3.5,10,8,0.3,3710,2026-09-07T23:26:08Z
KungFuMaster_vcagthyq_10_X,vcagthyq,finished,a0bb09e,num_valid_anchors,26460,False,N/A,N/A,3000,20000,5000,retrieved,3.5,10,8,0.3,10,2026-09-08T00:12:54Z
Qbert_u24udlzt_2000_O,u24udlzt,finished,cf14f32,num_valid_anchors,2375,True,50000,50000,3000,20000,5000,retrieved,3.5,10,8,0.3,2000,2026-09-08T01:31:56Z
Alien_i5byjfm0_2000_O,i5byjfm0,finished,cf14f32,num_valid_anchors,617.5,True,50000,50000,3000,20000,5000,retrieved,3.5,10,8,0.3,2000,2026-09-08T01:38:40Z
Boxing_yd9o7wm7_3710_X,yd9o7wm7,finished,a0bb09e,num_valid_anchors,73.8,False,N/A,N/A,3000,20000,5000,retrieved,3.5,10,8,0.3,3710,2026-09-08T02:33:28Z
Breakout_xx5eupnm_710_X,xx5eupnm,finished,a0bb09e,num_valid_anchors,9.6,False,N/A,N/A,3000,20000,5000,retrieved,3.5,10,8,0.3,710,2026-09-08T02:56:44Z
Assault_5z8y7yf8_6000_O,5z8y7yf8,finished,a0bb09e,num_valid_anchors,1020.4,True,50000,50000,3000,20000,5000,retrieved,3.5,10,8,0.3,6000,2026-09-08T03:45:50Z
Assault_x74eqqom_6010_O,x74eqqom,finished,a0bb09e,num_valid_anchors,791.45,True,50000,50000,3000,20000,5000,retrieved,3.5,10,8,0.3,6010,2026-09-08T04:16:48Z
Asterix_9e761ead_6010_O,9e761ead,finished,a0bb09e,num_valid_anchors,640,True,50000,50000,3000,20000,5000,retrieved,3.5,10,8,0.3,6010,2026-09-08T04:25:01Z
Asterix_u23lzqcr_6000_O,u23lzqcr,finished,a0bb09e,num_valid_anchors,1117.5,True,50000,50000,3000,20000,5000,retrieved,3.5,10,8,0.3,6000,2026-09-08T04:27:36Z
Breakout_99zpfdl7_2_X,99zpfdl7,finished,a0bb09e,num_valid_anchors,14.35,False,N/A,N/A,3000,20000,5000,retrieved,3.5,10,8,0.3,2,2026-09-08T05:14:55Z
ChopperCommand_aa8agtws_2_X,aa8agtws,finished,a0bb09e,num_valid_anchors,1530,False,N/A,N/A,3000,20000,5000,retrieved,3.5,10,8,0.3,2,2026-09-08T05:46:55Z
CrazyClimber_my03b615_710_X,my03b615,finished,a0bb09e,num_valid_anchors,49810,False,N/A,N/A,3000,20000,5000,retrieved,3.5,10,8,0.3,710,2026-09-08T08:04:25Z
CrazyClimber_8muy8hjz_2_X,8muy8hjz,finished,a0bb09e,num_valid_anchors,63125,False,N/A,N/A,3000,20000,5000,retrieved,3.5,10,8,0.3,2,2026-09-08T08:30:01Z
Assault_b0rphe0o_2000_O,b0rphe0o,finished,cf14f32,num_valid_anchors,688.65,True,50000,50000,3000,20000,5000,retrieved,3.5,10,8,0.3,2000,2026-09-08T08:45:39Z
Amidar_nfwlttgg_2000_O,nfwlttgg,finished,cf14f32,num_valid_anchors,173,True,50000,50000,3000,20000,5000,retrieved,3.5,10,8,0.3,2000,2026-09-08T08:54:54Z
BankHeist_2h0rirrb_6020_O,2h0rirrb,finished,a0bb09e,num_valid_anchors,565,True,50000,50000,3000,20000,5000,retrieved,3.5,10,8,0.3,6020,2026-09-08T09:05:11Z
BankHeist_kpevxlgj_6010_O,kpevxlgj,finished,a0bb09e,num_valid_anchors,174,True,50000,50000,3000,20000,5000,retrieved,3.5,10,8,0.3,6010,2026-09-08T09:30:26Z
BankHeist_myy02w4i_6000_O,myy02w4i,finished,a0bb09e,num_valid_anchors,331,True,50000,50000,3000,20000,5000,retrieved,3.5,10,8,0.3,6000,2026-09-08T09:37:01Z
Boxing_w6hibnzx_6000_O,w6hibnzx,finished,a0bb09e,num_valid_anchors,71.3,True,50000,50000,3000,20000,5000,retrieved,3.5,10,8,0.3,6000,2026-09-08T09:44:23Z
DemonAttack_su7schqf_3710_X,su7schqf,finished,a0bb09e,num_valid_anchors,200.75,False,N/A,N/A,3000,20000,5000,retrieved,3.5,10,8,0.3,3710,2026-09-08T10:49:18Z
DemonAttack_tanmq190_710_X,tanmq190,finished,a0bb09e,num_valid_anchors,139.75,False,N/A,N/A,3000,20000,5000,retrieved,3.5,10,8,0.3,710,2026-09-08T11:15:32Z
Gopher_ap3cp0gb_710_X,ap3cp0gb,finished,a0bb09e,num_valid_anchors,3914,False,N/A,N/A,3000,20000,5000,retrieved,3.5,10,8,0.3,710,2026-09-08T13:31:43Z
Gopher_zlgy3908_2_X,zlgy3908,finished,a0bb09e,num_valid_anchors,3752,False,N/A,N/A,3000,20000,5000,retrieved,3.5,10,8,0.3,2,2026-09-08T14:01:06Z
BattleZone_pqadey01_6020_O,pqadey01,finished,024cd05,num_valid_anchors,6150,True,50000,50000,3000,20000,5000,retrieved,3.5,10,12,0.2,6020,2026-09-08T15:05:07Z
BattleZone_uv9q1pne_6010_O,uv9q1pne,finished,024cd05,num_valid_anchors,10550,True,50000,50000,3000,20000,5000,retrieved,3.5,10,12,0.2,6010,2026-09-08T15:05:09Z
BattleZone_ufx68cm8_6000_O,ufx68cm8,finished,024cd05,num_valid_anchors,10700,True,50000,50000,3000,20000,5000,retrieved,3.5,10,12,0.2,6000,2026-09-08T15:05:10Z
Frostbite_grvnrjje_6010_O,grvnrjje,finished,024cd05,num_valid_anchors,257.5,True,50000,50000,3000,20000,5000,retrieved,3.5,10,12,0.2,6010,2026-09-08T15:05:12Z
BattleZone_fkl7ofo3_2010_O,fkl7ofo3,finished,024cd05,num_valid_anchors,11950,True,50000,50000,3000,20000,5000,retrieved,3.5,10,12,0.2,2010,2026-09-08T16:08:50Z
BattleZone_3qcognge_2000_O,3qcognge,finished,024cd05,num_valid_anchors,9250,True,50000,50000,3000,20000,5000,retrieved,3.5,10,12,0.2,2000,2026-09-08T16:16:03Z
Frostbite_xztllxed_3710_O,xztllxed,finished,024cd05,num_valid_anchors,2629,True,50000,50000,3000,20000,5000,retrieved,3.5,10,12,0.2,3710,2026-09-08T16:20:53Z
Frostbite_76wdl0rf_710_O,76wdl0rf,finished,024cd05,num_valid_anchors,2399.5,True,50000,50000,3000,20000,5000,retrieved,3.5,10,12,0.2,710,2026-09-08T16:50:36Z
Frostbite_btyu5vdm_10_O,btyu5vdm,finished,024cd05,num_valid_anchors,1576,True,50000,50000,3000,20000,5000,retrieved,3.5,10,12,0.2,10,2026-09-08T19:16:46Z
Qbert_ogyl0txp_3710_O,ogyl0txp,finished,024cd05,num_valid_anchors,2607.5,True,50000,50000,3000,20000,5000,retrieved,3.5,10,12,0.2,3710,2026-09-08T19:48:03Z
Frostbite_zqsvw9au_6000_O,zqsvw9au,finished,024cd05,num_valid_anchors,2378.5,True,50000,50000,3000,20000,5000,retrieved,3.5,10,12,0.2,6000,2026-09-08T20:13:47Z
Qbert_t79rs0h5_6000_O,t79rs0h5,finished,024cd05,num_valid_anchors,3980,True,50000,50000,3000,20000,5000,retrieved,3.5,10,12,0.2,6000,2026-09-08T20:17:45Z
UpNDown_md6am2zc_6020_O,md6am2zc,finished,024cd05,num_valid_anchors,2656,True,50000,50000,3000,20000,5000,retrieved,3.5,10,12,0.2,6020,2026-09-08T20:19:01Z
UpNDown_rg6j666n_6010_O,rg6j666n,finished,024cd05,num_valid_anchors,5694.5,True,50000,50000,3000,20000,5000,retrieved,3.5,10,12,0.2,6010,2026-09-08T20:19:43Z
Qbert_70ozowce_10_O,70ozowce,finished,024cd05,num_valid_anchors,2776.25,True,50000,50000,3000,20000,5000,retrieved,3.5,10,12,0.2,10,2026-09-08T22:10:49Z
Qbert_5nk7xlos_1_O,5nk7xlos,finished,024cd05,num_valid_anchors,1712.5,True,50000,50000,3000,20000,5000,retrieved,3.5,10,12,0.2,1,2026-09-08T22:40:11Z
Krull_7a96ljcx_2010_O,7a96ljcx,finished,024cd05,num_valid_anchors,6495.5,True,50000,50000,3000,20000,5000,retrieved,3.5,10,12,0.2,2010,2026-09-08T23:33:35Z
Krull_8tjb8z2a_2000_O,8tjb8z2a,finished,024cd05,num_valid_anchors,4257.5,True,50000,50000,3000,20000,5000,retrieved,3.5,10,12,0.2,2000,2026-09-08T23:38:18Z
Krull_r1trg89u_10_O,r1trg89u,finished,024cd05,num_valid_anchors,6856,True,50000,50000,3000,20000,5000,retrieved,3.5,10,12,0.2,10,2026-09-09T01:00:11Z
UpNDown_vvj4x06z_6000_O,vvj4x06z,finished,024cd05,num_valid_anchors,5966.5,True,50000,50000,3000,20000,5000,retrieved,3.5,10,12,0.2,6000,2026-09-09T01:23:49Z
Alien_s356pymr_6010_O,s356pymr,finished,024cd05,num_valid_anchors,1109,True,50000,50000,3000,20000,5000,retrieved,3.5,10,12,0.2,6010,2026-09-09T01:28:04Z
UpNDown_bi06mry4_1_O,bi06mry4,finished,024cd05,num_valid_anchors,11443,True,50000,50000,3000,20000,5000,retrieved,3.5,10,12,0.2,1,2026-09-09T01:29:42Z
Alien_t8fjbqcy_6000_O,t8fjbqcy,finished,024cd05,num_valid_anchors,1212,True,50000,50000,3000,20000,5000,retrieved,3.5,10,12,0.2,6000,2026-09-09T01:42:24Z
Amidar_10o1sefh_6000_O,10o1sefh,finished,024cd05,num_valid_anchors,134.55,True,50000,50000,3000,20000,5000,retrieved,3.5,10,12,0.2,6000,2026-09-09T01:43:44Z
Krull_eae7999i_3710_O,eae7999i,finished,024cd05,num_valid_anchors,6323,True,50000,50000,3000,20000,5000,retrieved,3.5,10,12,0.2,3710,2026-09-09T03:53:27Z
Krull_jk5aqccx_710_O,jk5aqccx,finished,024cd05,num_valid_anchors,6070.5,True,50000,50000,3000,20000,5000,retrieved,3.5,10,12,0.2,710,2026-09-09T04:33:40Z
Amidar_iknjvogz_6020_O,iknjvogz,finished,024cd05,num_valid_anchors,220,True,50000,50000,3000,20000,5000,retrieved,3.5,10,12,0.2,6020,2026-09-09T06:40:14Z
UpNDown_jfm5fg45_3710_O,jfm5fg45,finished,024cd05,num_valid_anchors,6498,True,50000,50000,3000,20000,5000,retrieved,3.5,10,12,0.2,3710,2026-09-09T06:46:06Z
Amidar_qnyrcvf5_6010_O,qnyrcvf5,finished,024cd05,num_valid_anchors,185.1,True,50000,50000,3000,20000,5000,retrieved,3.5,10,12,0.2,6010,2026-09-09T06:50:00Z
Assault_fsr2yxo4_6000_O,fsr2yxo4,finished,024cd05,num_valid_anchors,940.5,True,50000,50000,3000,20000,5000,retrieved,3.5,10,12,0.2,6000,2026-09-09T06:56:22Z
Assault_8iwa63d0_6010_O,8iwa63d0,finished,024cd05,num_valid_anchors,772.55,True,50000,50000,3000,20000,5000,retrieved,3.5,10,12,0.2,6010,2026-09-09T06:57:27Z
Qbert_57errl31_2000_O,57errl31,finished,024cd05,num_valid_anchors,2857.5,True,50000,50000,3000,20000,5000,retrieved,3.5,10,12,0.2,2000,2026-09-09T06:58:57Z
Alien_mzhr12q6_2000_O,mzhr12q6,finished,024cd05,num_valid_anchors,668.5,True,50000,50000,3000,20000,5000,retrieved,3.5,10,12,0.2,2000,2026-09-09T07:03:41Z
Alien_fzue8cpx_1_O,fzue8cpx,finished,024cd05,num_valid_anchors,1116.5,True,50000,50000,3000,20000,5000,retrieved,3.5,10,12,0.2,1,2026-09-09T07:28:48Z
Frostbite_rfaijhre_3710_O,rfaijhre,finished,fbd79f3,num_valid_anchors,2233.5,True,50000,50000,3000,20000,5000,retrieved,3.5,10,12,0.12,3710,2026-09-09T09:45:58Z
Frostbite_f22cjejm_710_O,f22cjejm,finished,fbd79f3,num_valid_anchors,2601,True,50000,50000,3000,20000,5000,retrieved,3.5,10,12,0.12,710,2026-09-09T10:16:42Z
BattleZone_z9734by2_6020_O,z9734by2,finished,fbd79f3,num_valid_anchors,7700,True,50000,50000,3000,20000,5000,retrieved,3.5,10,12,0.12,6020,2026-09-09T11:48:56Z
BattleZone_r5kfniy0_6010_O,r5kfniy0,finished,fbd79f3,num_valid_anchors,6000,True,50000,50000,3000,20000,5000,retrieved,3.5,10,12,0.12,6010,2026-09-09T12:01:30Z
BattleZone_0tp716hl_6000_O,0tp716hl,finished,fbd79f3,num_valid_anchors,14600,True,50000,50000,3000,20000,5000,retrieved,3.5,10,12,0.12,6000,2026-09-09T12:18:46Z
Frostbite_5anu1kmg_6010_O,5anu1kmg,finished,fbd79f3,num_valid_anchors,258.5,True,50000,50000,3000,20000,5000,retrieved,3.5,10,12,0.12,6010,2026-09-09T12:19:20Z
Frostbite_hjx29ozv_10_O,hjx29ozv,finished,fbd79f3,num_valid_anchors,2206,True,50000,50000,3000,20000,5000,retrieved,3.5,10,12,0.12,10,2026-09-09T12:34:08Z
Qbert_6ayr06bd_3710_O,6ayr06bd,finished,fbd79f3,num_valid_anchors,3016.25,True,50000,50000,3000,20000,5000,retrieved,3.5,10,12,0.12,3710,2026-09-09T13:07:26Z
BattleZone_aoorfszu_2010_O,aoorfszu,finished,fbd79f3,num_valid_anchors,13500,True,50000,50000,3000,20000,5000,retrieved,3.5,10,12,0.12,2010,2026-09-09T14:21:54Z
BattleZone_yubzlc1w_2000_O,yubzlc1w,finished,fbd79f3,num_valid_anchors,8400,True,50000,50000,3000,20000,5000,retrieved,3.5,10,12,0.12,2000,2026-09-09T14:35:02Z
Qbert_i1w911p2_10_O,i1w911p2,finished,fbd79f3,num_valid_anchors,3260,True,50000,50000,3000,20000,5000,retrieved,3.5,10,12,0.12,10,2026-09-09T15:23:18Z
Qbert_nufwvhlv_1_O,nufwvhlv,finished,fbd79f3,num_valid_anchors,2262.5,True,50000,50000,3000,20000,5000,retrieved,3.5,10,12,0.12,1,2026-09-09T15:55:04Z
Frostbite_zerremep_6000_O,zerremep,finished,fbd79f3,num_valid_anchors,2570.5,True,50000,50000,3000,20000,5000,retrieved,3.5,10,12,0.12,6000,2026-09-09T17:00:33Z
Qbert_se6msdal_6000_O,se6msdal,finished,fbd79f3,num_valid_anchors,3817.5,True,50000,50000,3000,20000,5000,retrieved,3.5,10,12,0.12,6000,2026-09-09T17:10:15Z
UpNDown_mom37dox_6020_O,mom37dox,finished,fbd79f3,num_valid_anchors,2830,True,50000,50000,3000,20000,5000,retrieved,3.5,10,12,0.12,6020,2026-09-09T17:27:25Z
UpNDown_yc8bwf3v_6010_O,yc8bwf3v,finished,fbd79f3,num_valid_anchors,7571.5,True,50000,50000,3000,20000,5000,retrieved,3.5,10,12,0.12,6010,2026-09-09T17:32:51Z
Krull_8c4tiai3_10_O,8c4tiai3,finished,fbd79f3,num_valid_anchors,7029.5,True,50000,50000,3000,20000,5000,retrieved,3.5,10,12,0.12,10,2026-09-09T18:09:02Z
UpNDown_gngniyva_1_O,gngniyva,finished,fbd79f3,num_valid_anchors,7455.5,True,50000,50000,3000,20000,5000,retrieved,3.5,10,12,0.12,1,2026-09-09T18:41:12Z
Krull_97qoh322_3710_O,97qoh322,finished,fbd79f3,num_valid_anchors,7110,True,50000,50000,3000,20000,5000,retrieved,3.5,10,12,0.12,3710,2026-09-09T20:59:39Z
Krull_6r4782l4_710_O,6r4782l4,finished,fbd79f3,num_valid_anchors,5384,True,50000,50000,3000,20000,5000,retrieved,3.5,10,12,0.12,710,2026-09-09T21:41:30Z
Krull_8a6mjck2_2010_O,8a6mjck2,finished,fbd79f3,num_valid_anchors,5692,True,50000,50000,3000,20000,5000,retrieved,3.5,10,12,0.12,2010,2026-09-09T21:50:05Z
Krull_sgj1i3u9_2000_O,sgj1i3u9,finished,fbd79f3,num_valid_anchors,4193.5,True,50000,50000,3000,20000,5000,retrieved,3.5,10,12,0.12,2000,2026-09-09T21:57:04Z
UpNDown_nv1fa3lz_6000_O,nv1fa3lz,finished,fbd79f3,num_valid_anchors,5773,True,50000,50000,3000,20000,5000,retrieved,3.5,10,12,0.12,6000,2026-09-09T22:14:16Z
Alien_wkt6jba1_6010_O,wkt6jba1,finished,fbd79f3,num_valid_anchors,1091,True,50000,50000,3000,20000,5000,retrieved,3.5,10,12,0.12,6010,2026-09-09T22:18:16Z
Alien_lc9f195n_6000_O,lc9f195n,finished,fbd79f3,num_valid_anchors,1000,True,50000,50000,3000,20000,5000,retrieved,3.5,10,12,0.12,6000,2026-09-09T22:47:07Z
Amidar_fyg43j9z_6000_O,fyg43j9z,finished,fbd79f3,num_valid_anchors,186.95,True,50000,50000,3000,20000,5000,retrieved,3.5,10,12,0.12,6000,2026-09-09T22:56:09Z
UpNDown_w4p3nwck_3710_O,w4p3nwck,finished,fbd79f3,num_valid_anchors,6265.5,True,50000,50000,3000,20000,5000,retrieved,3.5,10,12,0.12,3710,2026-09-09T23:49:58Z
Alien_vrz37gzy_1_O,vrz37gzy,finished,fbd79f3,num_valid_anchors,1330.5,True,50000,50000,3000,20000,5000,retrieved,3.5,10,12,0.12,1,2026-09-10T00:32:41Z
Amidar_6wzftqu5_1_O,6wzftqu5,finished,fbd79f3,num_valid_anchors,157.75,True,50000,50000,3000,20000,5000,retrieved,3.5,10,12,0.12,1,2026-09-10T02:47:35Z
Assault_op0m9aky_1_O,op0m9aky,finished,fbd79f3,num_valid_anchors,725.45,True,50000,50000,3000,20000,5000,retrieved,3.5,10,12,0.12,1,2026-09-10T03:28:47Z
Amidar_7mdu91nt_6020_O,7mdu91nt,finished,fbd79f3,num_valid_anchors,227.55,True,50000,50000,3000,20000,5000,retrieved,3.5,10,12,0.12,6020,2026-09-10T03:29:40Z
Amidar_zsr9nanb_6010_O,zsr9nanb,finished,fbd79f3,num_valid_anchors,172.3,True,50000,50000,3000,20000,5000,retrieved,3.5,10,12,0.12,6010,2026-09-10T03:38:47Z
Assault_7gixxqw7_6000_O,7gixxqw7,finished,fbd79f3,num_valid_anchors,925.2,True,50000,50000,3000,20000,5000,retrieved,3.5,10,12,0.12,6000,2026-09-10T03:56:43Z
Assault_rfdd0wss_6010_O,rfdd0wss,finished,fbd79f3,num_valid_anchors,796.35,True,50000,50000,3000,20000,5000,retrieved,3.5,10,12,0.12,6010,2026-09-10T04:08:41Z
Qbert_6m3pvu6h_2000_O,6m3pvu6h,finished,fbd79f3,num_valid_anchors,2631.25,True,50000,50000,3000,20000,5000,retrieved,3.5,10,12,0.12,2000,2026-09-10T05:09:40Z
Alien_kz44lt6w_2000_O,kz44lt6w,finished,fbd79f3,num_valid_anchors,644.5,True,50000,50000,3000,20000,5000,retrieved,3.5,10,12,0.12,2000,2026-09-10T05:19:54Z
Asterix_xwzazz1a_3710_O,xwzazz1a,finished,fbd79f3,num_valid_anchors,870,True,50000,50000,3000,20000,5000,retrieved,3.5,10,12,0.12,3710,2026-09-10T05:35:17Z
Asterix_dopw7f87_10_O,dopw7f87,finished,fbd79f3,num_valid_anchors,570,True,50000,50000,3000,20000,5000,retrieved,3.5,10,12,0.12,10,2026-09-10T06:36:36Z
Boxing_aedwdfrw_10_O,aedwdfrw,finished,fbd79f3,num_valid_anchors,73.95,True,50000,50000,3000,20000,5000,retrieved,3.5,10,12,0.12,10,2026-09-10T08:25:25Z
Asterix_bz1cfs9o_6010_O,bz1cfs9o,finished,fbd79f3,num_valid_anchors,617.5,True,50000,50000,3000,20000,5000,retrieved,3.5,10,12,0.12,6010,2026-09-10T08:42:44Z
Asterix_7itrqdwa_6000_O,7itrqdwa,finished,fbd79f3,num_valid_anchors,1042.5,True,50000,50000,3000,20000,5000,retrieved,3.5,10,12,0.12,6000,2026-09-10T08:48:51Z
BankHeist_qmlbnljk_6020_O,qmlbnljk,finished,fbd79f3,num_valid_anchors,588.5,True,50000,50000,3000,20000,5000,retrieved,3.5,10,12,0.12,6020,2026-09-10T09:19:40Z
Breakout_caw8awzm_3710_O,caw8awzm,finished,fbd79f3,num_valid_anchors,14.45,True,50000,50000,3000,20000,5000,retrieved,3.5,10,12,0.12,3710,2026-09-10T09:28:45Z
BankHeist_2sjriq4g_6010_O,2sjriq4g,finished,fbd79f3,num_valid_anchors,161.5,True,50000,50000,3000,20000,5000,retrieved,3.5,10,12,0.12,6010,2026-09-10T09:29:30Z
Breakout_yaxiblhl_10_O,yaxiblhl,finished,fbd79f3,num_valid_anchors,11.3,True,50000,50000,3000,20000,5000,retrieved,3.5,10,12,0.12,10,2026-09-10T11:19:37Z
ChopperCommand_cb9rng6o_710_O,cb9rng6o,finished,fbd79f3,num_valid_anchors,1175,True,50000,50000,3000,20000,5000,retrieved,3.5,10,12,0.12,710,2026-09-10T12:21:37Z
Assault_suf9vt48_2000_O,suf9vt48,finished,fbd79f3,num_valid_anchors,690.7,True,50000,50000,3000,20000,5000,retrieved,3.5,10,12,0.12,2000,2026-09-10T12:31:19Z
Amidar_clwywlji_2000_O,clwywlji,finished,fbd79f3,num_valid_anchors,175.05,True,50000,50000,3000,20000,5000,retrieved,3.5,10,12,0.12,2000,2026-09-10T12:53:30Z
BankHeist_xcp5gflz_6000_O,xcp5gflz,finished,fbd79f3,num_valid_anchors,534.5,True,50000,50000,3000,20000,5000,retrieved,3.5,10,12,0.12,6000,2026-09-10T14:01:42Z
Boxing_kqqrz93h_6000_O,kqqrz93h,finished,fbd79f3,num_valid_anchors,72.25,True,50000,50000,3000,20000,5000,retrieved,3.5,10,12,0.12,6000,2026-09-10T14:02:33Z
ChopperCommand_g2hsx1cv_3710_O,g2hsx1cv,finished,fbd79f3,num_valid_anchors,1835,True,50000,50000,3000,20000,5000,retrieved,3.5,10,12,0.12,3710,2026-09-10T14:10:03Z
PrivateEye_zursuxby_6000_O,zursuxby,finished,fbd79f3,num_valid_anchors,100,True,50000,50000,3000,20000,5000,retrieved,3.5,10,12,0.12,6000,2026-09-10T14:36:14Z
PrivateEye_03qx212r_6010_O,03qx212r,finished,fbd79f3,num_valid_anchors,-1000,True,50000,50000,3000,20000,5000,retrieved,3.5,10,12,0.12,6010,2026-09-10T14:50:30Z
CrazyClimber_c78mrf0e_3710_O,c78mrf0e,finished,fbd79f3,num_valid_anchors,48175,True,50000,50000,3000,20000,5000,retrieved,3.5,10,12,0.12,3710,2026-09-10T15:13:09Z
CrazyClimber_r4ikz3c0_10_O,r4ikz3c0,finished,fbd79f3,num_valid_anchors,56120,True,50000,50000,3000,20000,5000,retrieved,3.5,10,12,0.12,10,2026-09-10T17:08:44Z
Gopher_ekawlyz1_10_O,ekawlyz1,finished,fbd79f3,num_valid_anchors,2578,True,50000,50000,3000,20000,5000,retrieved,3.5,10,12,0.12,10,2026-09-10T18:02:28Z
PrivateEye_9mny04uj_6020_O,9mny04uj,finished,fbd79f3,num_valid_anchors,593.75,True,50000,50000,3000,20000,5000,retrieved,3.5,10,12,0.12,6020,2026-09-10T19:18:56Z
PrivateEye_7uliiu1k_2_O,7uliiu1k,finished,fbd79f3,num_valid_anchors,5395.25,True,50000,50000,3000,20000,5000,retrieved,3.5,10,12,0.12,2,2026-09-10T19:25:30Z
PrivateEye_87il8scv_1_O,87il8scv,finished,fbd79f3,num_valid_anchors,822.3,True,50000,50000,3000,20000,5000,retrieved,3.5,10,12,0.12,1,2026-09-10T19:47:03Z
Hero_rnhzqx5z_10_O,rnhzqx5z,finished,fbd79f3,num_valid_anchors,12832.5,True,50000,50000,3000,20000,5000,retrieved,3.5,10,12,0.12,10,2026-09-10T19:55:18Z
RoadRunner_v3wdwa9k_6000_O,v3wdwa9k,finished,fbd79f3,num_valid_anchors,8955,True,50000,50000,3000,20000,5000,retrieved,3.5,10,12,0.12,6000,2026-09-10T19:59:32Z
BankHeist_v36dx189_2000_O,v36dx189,finished,fbd79f3,num_valid_anchors,163.5,True,50000,50000,3000,20000,5000,retrieved,3.5,10,12,0.12,2000,2026-09-10T20:19:51Z
Boxing_b4izvllu_2000_O,b4izvllu,finished,fbd79f3,num_valid_anchors,86.45,True,50000,50000,3000,20000,5000,retrieved,3.5,10,12,0.12,2000,2026-09-10T20:24:29Z
DemonAttack_k0a3usk0_10_O,k0a3usk0,finished,fbd79f3,num_valid_anchors,153.5,True,50000,50000,3000,20000,5000,retrieved,3.5,10,12,0.12,10,2026-09-10T21:07:29Z
Gopher_h0b6gauf_3710_O,h0b6gauf,finished,fbd79f3,num_valid_anchors,4526,True,50000,50000,3000,20000,5000,retrieved,3.5,10,12,0.12,3710,2026-09-10T22:44:34Z
Hero_ige1x01r_710_O,ige1x01r,finished,fbd79f3,num_valid_anchors,9124.5,True,50000,50000,3000,20000,5000,retrieved,3.5,10,12,0.12,710,2026-09-11T00:04:51Z
RoadRunner_2es8u2ww_6010_O,2es8u2ww,finished,fbd79f3,num_valid_anchors,8665,True,50000,50000,3000,20000,5000,retrieved,3.5,10,12,0.12,6010,2026-09-11T00:26:57Z
RoadRunner_ovadobi5_6020_O,ovadobi5,finished,fbd79f3,num_valid_anchors,9985,True,50000,50000,3000,20000,5000,retrieved,3.5,10,12,0.12,6020,2026-09-11T00:30:48Z
RoadRunner_snwx83fn_2_O,snwx83fn,finished,fbd79f3,num_valid_anchors,10140,True,50000,50000,3000,20000,5000,retrieved,3.5,10,12,0.12,2,2026-09-11T00:50:21Z
Asterix_xwjq84g8_1_O,xwjq84g8,finished,fbd79f3,num_valid_anchors,577.5,True,50000,50000,3000,20000,5000,retrieved,3.5,10,12,0.12,1,2026-09-11T01:38:43Z
ChopperCommand_4plt4k4a_10_O,4plt4k4a,finished,fbd79f3,num_valid_anchors,1660,True,50000,50000,3000,20000,5000,retrieved,3.5,10,12,0.12,10,2026-09-11T03:07:09Z
Breakout_3ulad5d6_2000_O,3ulad5d6,finished,fbd79f3,num_valid_anchors,10.6,True,50000,50000,3000,20000,5000,retrieved,3.5,10,12,0.12,2000,2026-09-11T04:04:39Z
ChopperCommand_u69i5a9i_2000_O,u69i5a9i,finished,fbd79f3,num_valid_anchors,1365,True,50000,50000,3000,20000,5000,retrieved,3.5,10,12,0.12,2000,2026-09-11T04:21:09Z
Gopher_hyc08l2y_1_O,hyc08l2y,finished,fbd79f3,num_valid_anchors,4892,True,50000,50000,3000,20000,5000,retrieved,3.5,10,12,0.12,1,2026-09-11T04:26:59Z
Hero_i7wilrde_3710_O,i7wilrde,finished,fbd79f3,num_valid_anchors,12799.5,True,50000,50000,3000,20000,5000,retrieved,3.5,10,12,0.12,3710,2026-09-11T06:10:29Z
PrivateEye_pp9tq737_1_X,pp9tq737,finished,fbd79f3,num_valid_anchors,75.3,False,N/A,N/A,3000,20000,5000,retrieved,3.5,10,12,0.12,1,2026-09-11T06:26:43Z
Hero_0z3k5lwf_1_O,0z3k5lwf,finished,fbd79f3,num_valid_anchors,7515,True,50000,50000,3000,20000,5000,retrieved,3.5,10,12,0.12,1,2026-09-11T07:38:13Z
Jamesbond_cfsof3r8_1_O,cfsof3r8,finished,fbd79f3,num_valid_anchors,465,True,50000,50000,3000,20000,5000,retrieved,3.5,10,12,0.12,1,2026-09-11T09:18:20Z
Kangaroo_4hrvznmd_10_O,4hrvznmd,finished,fbd79f3,num_valid_anchors,1700,True,50000,50000,3000,20000,5000,retrieved,3.5,10,12,0.12,10,2026-09-11T10:35:49Z
RoadRunner_aq9qm9n0_6000_X,aq9qm9n0,finished,fbd79f3,num_valid_anchors,7290,False,N/A,N/A,3000,20000,5000,retrieved,3.5,10,12,0.12,6000,2026-09-11T11:23:27Z
CrazyClimber_99ja7hzw_2000_O,99ja7hzw,finished,fbd79f3,num_valid_anchors,47285,True,50000,50000,3000,20000,5000,retrieved,3.5,10,12,0.12,2000,2026-09-11T11:44:30Z
DemonAttack_ixvnuptb_2000_O,ixvnuptb,finished,fbd79f3,num_valid_anchors,219.25,True,50000,50000,3000,20000,5000,retrieved,3.5,10,12,0.12,2000,2026-09-11T11:53:58Z
KungFuMaster_5lapk8f4_10_O,5lapk8f4,finished,fbd79f3,num_valid_anchors,26250,True,50000,50000,3000,20000,5000,retrieved,3.5,10,12,0.12,10,2026-09-11T13:02:08Z
MsPacman_p15oq1rt_10_O,p15oq1rt,finished,fbd79f3,num_valid_anchors,1487,True,50000,50000,3000,20000,5000,retrieved,3.5,10,12,0.12,10,2026-09-11T13:39:56Z
MsPacman_lmn4296o_1_O,lmn4296o,finished,fbd79f3,num_valid_anchors,2146.5,True,50000,50000,3000,20000,5000,retrieved,3.5,10,12,0.12,1,2026-09-11T15:56:22Z
RoadRunner_ichnav4q_6010_X,ichnav4q,finished,fbd79f3,num_valid_anchors,9690,False,N/A,N/A,3000,20000,5000,retrieved,3.5,10,12,0.12,6010,2026-09-11T16:19:09Z
Seaquest_vq6zf2ks_1_O,vq6zf2ks,finished,fbd79f3,num_valid_anchors,500,True,50000,50000,3000,20000,5000,retrieved,3.5,10,12,0.12,1,2026-09-11T16:32:32Z
Boxing_s21znern_3710_O,s21znern,finished,fbd79f3,num_valid_anchors,62.7,True,50000,50000,3000,20000,5000,retrieved,3.5,10,12,0.12,3710,2026-09-11T18:53:36Z
Breakout_wg9y1w57_710_O,wg9y1w57,finished,fbd79f3,num_valid_anchors,11.45,True,50000,50000,3000,20000,5000,retrieved,3.5,10,12,0.12,710,2026-09-11T19:29:43Z
RoadRunner_a5q4vt9y_6020_X,a5q4vt9y,finished,fbd79f3,num_valid_anchors,10155,False,N/A,N/A,3000,20000,5000,retrieved,3.5,10,12,0.12,6020,2026-09-11T21:16:30Z
Breakout_whnnshru_2_O,whnnshru,finished,fbd79f3,num_valid_anchors,12.6,True,50000,50000,3000,20000,5000,retrieved,3.5,10,12,0.12,2,2026-09-11T21:53:02Z
ChopperCommand_kvdppdye_2_O,kvdppdye,finished,fbd79f3,num_valid_anchors,2485,True,50000,50000,3000,20000,5000,retrieved,3.5,10,12,0.12,2,2026-09-11T22:30:08Z
Pong_kf2fcl7g_3710_O,kf2fcl7g,finished,130e9ab,num_valid_anchors,14.45,True,50000,50000,3000,20000,5000,retrieved,3.5,10,16,0.0625,3710,2026-09-12T02:16:58Z
Pong_oyz74kav_710_O,oyz74kav,finished,130e9ab,num_valid_anchors,8.2,True,50000,50000,3000,20000,5000,retrieved,3.5,10,16,0.0625,710,2026-09-12T02:17:00Z
Assault_uzbgb0fl_2010_O,uzbgb0fl,finished,130e9ab,num_valid_anchors,633.05,True,50000,50000,3000,20000,5000,retrieved,3.5,10,16,0.0625,2010,2026-09-12T02:24:08Z
Pong_vyooc54l_710_X,vyooc54l,finished,844ffdd,num_valid_anchors,5.5,False,N/A,N/A,3000,20000,5000,retrieved,3.5,10,16,0.0625,710,2026-09-12T05:22:11Z
Pong_r9o2z88z_10_X,r9o2z88z,finished,844ffdd,num_valid_anchors,8.45,False,N/A,N/A,3000,20000,5000,retrieved,3.5,10,16,0.0625,10,2026-09-12T05:33:20Z
Frostbite_le1fhzzo_10_O,le1fhzzo,finished,0400bc9,num_valid_anchors,2113.5,True,50000,50000,3000,20000,5000,retrieved,3.5,10,16,0.0625,10,2026-09-13T11:46:50Z
Frostbite_f2vg1ml2_2710_O,f2vg1ml2,finished,0400bc9,num_valid_anchors,252,True,50000,50000,3000,20000,5000,retrieved,3.5,10,16,0.0625,2710,2026-09-13T14:00:46Z
Frostbite_esbx0mq0_1710_O,esbx0mq0,finished,0400bc9,num_valid_anchors,283.5,True,50000,50000,3000,20000,5000,retrieved,3.5,10,16,0.0625,1710,2026-09-13T15:58:25Z
Assault_dmcfl84u_10_O,dmcfl84u,finished,0400bc9,num_valid_anchors,738.6,True,50000,50000,3000,20000,5000,retrieved,3.5,10,16,0.0625,10,2026-09-13T17:09:22Z
Assault_lwt58a35_710_O,lwt58a35,finished,0400bc9,num_valid_anchors,548.6,True,50000,50000,3000,20000,5000,retrieved,3.5,10,16,0.0625,710,2026-09-13T19:32:26Z
Assault_tk2u5s8n_3710_O,tk2u5s8n,finished,0400bc9,num_valid_anchors,720.25,True,50000,50000,3000,20000,5000,retrieved,3.5,10,16,0.0625,3710,2026-09-13T21:19:43Z
Krull_2db8hn0v_9999,2db8hn0v,finished,bbc9c17,num_valid_anchors,N/A,True,50000,50000,3000,20000,5000,retrieved,3.5,10,16,0.0625,N/A,2026-09-17T05:17:04Z
Krull_9ftvmfee_9999_O,9ftvmfee,finished,8344796,num_valid_anchors,6796.5,True,50000,50000,3000,20000,5000,retrieved,3.5,10,16,0.0625,9999,2026-09-17T07:22:08Z
Assault_yrbdrk1u_6000_O,yrbdrk1u,finished,058a68f,num_valid_anchors,724.8,True,50000,50000,3000,20000,5000,retrieved,3.5,10,16,0.0625,6000,2026-09-17T08:51:48Z
Krull_2swngue5_9999_X,2swngue5,finished,058a68f,num_valid_anchors,6289,False,N/A,N/A,3000,20000,5000,retrieved,3.5,10,16,0.0625,9999,2026-09-17T10:40:12Z
Asterix_adt0ckio_6000_O,adt0ckio,finished,058a68f,num_valid_anchors,887.5,True,50000,50000,3000,20000,5000,retrieved,3.5,10,16,0.0625,6000,2026-09-17T12:46:06Z
Gopher_9uwipoit_9999,9uwipoit,finished,058a68f,num_valid_anchors,N/A,True,50000,50000,3000,20000,5000,retrieved,3.5,10,16,0.0625,N/A,2026-09-17T12:52:15Z
BankHeist_q90ujfou_2010_O,q90ujfou,failed,058a68f,num_valid_anchors,N/A,True,50000,50000,3000,20000,5000,retrieved,3.5,10,16,0.0625,2010,2026-09-17T12:56:02Z
RoadRunner_mkdyr5ed_2000,mkdyr5ed,failed,058a68f,num_valid_anchors,N/A,True,50000,50000,3000,20000,5000,retrieved,3.5,10,16,0.0625,N/A,2026-09-17T12:56:11Z
BankHeist_gakfh5ql_2010_O,gakfh5ql,failed,058a68f,num_valid_anchors,N/A,True,50000,50000,3000,20000,5000,retrieved,3.5,10,16,0.0625,2010,2026-09-17T12:56:58Z
RoadRunner_wlrc8nzh_2000,wlrc8nzh,crashed,058a68f,num_valid_anchors,N/A,True,50000,50000,3000,20000,5000,retrieved,3.5,10,16,0.0625,N/A,2026-09-17T12:57:08Z
BankHeist_0it7l8sf_2010_O,0it7l8sf,failed,058a68f,num_valid_anchors,N/A,True,50000,50000,3000,20000,5000,retrieved,3.5,10,16,0.0625,2010,2026-09-17T12:57:35Z
BankHeist_t2tchay5_2010_O,t2tchay5,finished,058a68f,num_valid_anchors,633.5,True,50000,50000,3000,20000,5000,retrieved,3.5,10,16,0.0625,2010,2026-09-17T13:08:18Z
RoadRunner_v4zo2qmx_2000,v4zo2qmx,finished,058a68f,num_valid_anchors,N/A,True,50000,50000,3000,20000,5000,retrieved,3.5,10,16,0.0625,N/A,2026-09-17T14:20:01Z
Asterix_lcno3yxj_6010_O,lcno3yxj,finished,058a68f,num_valid_anchors,1005,True,50000,50000,3000,20000,5000,retrieved,3.5,10,16,0.0625,6010,2026-09-17T14:20:41Z
BankHeist_uq5ph1vg_6020_O,uq5ph1vg,finished,058a68f,num_valid_anchors,114,True,50000,50000,3000,20000,5000,retrieved,3.5,10,16,0.0625,6020,2026-09-17T14:21:39Z
Boxing_ywnun6vi_6000_O,ywnun6vi,finished,058a68f,num_valid_anchors,51.15,True,50000,50000,3000,20000,5000,retrieved,3.5,10,16,0.0625,6000,2026-09-17T14:40:15Z
Gopher_uz4318p4_9999_O,uz4318p4,finished,058a68f,num_valid_anchors,1005,True,50000,50000,3000,20000,5000,retrieved,3.5,10,16,0.0625,9999,2026-09-17T14:56:40Z
Kangaroo_053q6ude_6000,053q6ude,finished,058a68f,num_valid_anchors,N/A,True,50000,50000,3000,20000,5000,retrieved,3.5,10,16,0.0625,N/A,2026-09-17T15:38:11Z
RoadRunner_4nl6mb9o_2000_O,4nl6mb9o,finished,058a68f,num_valid_anchors,8195,True,50000,50000,3000,20000,5000,retrieved,3.5,10,16,0.0625,2000,2026-09-17T17:33:43Z
Kangaroo_11ljxy0l_6000_O,11ljxy0l,finished,058a68f,num_valid_anchors,1670,True,50000,50000,3000,20000,5000,retrieved,3.5,10,16,0.0625,6000,2026-09-17T17:59:29Z
Gopher_hrca6yyg_9999_X,hrca6yyg,finished,058a68f,num_valid_anchors,2594,False,N/A,N/A,3000,20000,5000,retrieved,3.5,10,16,0.0625,9999,2026-09-17T18:28:52Z
Kangaroo_7u64q6sg_6010,7u64q6sg,finished,058a68f,num_valid_anchors,N/A,True,50000,50000,3000,20000,5000,retrieved,3.5,10,16,0.0625,N/A,2026-09-17T18:56:51Z
BankHeist_pp9fthie_9999,pp9fthie,finished,058a68f,num_valid_anchors,N/A,True,50000,50000,3000,20000,5000,retrieved,3.5,10,16,0.0625,N/A,2026-09-17T20:41:28Z
Krull_27h20s5o_6000,27h20s5o,finished,058a68f,num_valid_anchors,N/A,True,50000,50000,3000,20000,5000,retrieved,3.5,10,16,0.0625,N/A,2026-09-17T20:48:21Z
RoadRunner_e9yt7zbw_6000_O,e9yt7zbw,finished,058a68f,num_valid_anchors,8325,True,50000,50000,3000,20000,5000,retrieved,3.5,10,16,0.0625,6000,2026-09-17T21:07:28Z
Kangaroo_3vngv8nr_6010_O,3vngv8nr,finished,058a68f,num_valid_anchors,760,True,50000,50000,3000,20000,5000,retrieved,3.5,10,16,0.0625,6010,2026-09-17T21:16:41Z
RoadRunner_56ovxkcu_6010_O,56ovxkcu,finished,058a68f,num_valid_anchors,12890,True,50000,50000,3000,20000,5000,retrieved,3.5,10,16,0.0625,6010,2026-09-17T21:53:57Z
BankHeist_gi4bfbrx_9999_O,gi4bfbrx,finished,058a68f,num_valid_anchors,565,True,50000,50000,3000,20000,5000,retrieved,3.5,10,16,0.0625,9999,2026-09-17T22:47:18Z
Kangaroo_23f34wdq_6000_X,23f34wdq,finished,058a68f,num_valid_anchors,1550,False,N/A,N/A,3000,20000,5000,retrieved,3.5,10,16,0.0625,6000,2026-09-17T23:00:16Z
Krull_zyicj99l_6000_O,zyicj99l,finished,058a68f,num_valid_anchors,6447.5,True,50000,50000,3000,20000,5000,retrieved,3.5,10,16,0.0625,6000,2026-09-17T23:10:03Z
RoadRunner_s59cpufv_2000_X,s59cpufv,finished,058a68f,num_valid_anchors,8610,False,N/A,N/A,3000,20000,5000,retrieved,3.5,10,16,0.0625,2000,2026-09-18T00:14:08Z
Seaquest_tqyot5e6_2000,tqyot5e6,finished,058a68f,num_valid_anchors,N/A,True,50000,50000,3000,20000,5000,retrieved,3.5,10,16,0.0625,N/A,2026-09-18T01:08:44Z
Kangaroo_pugguyf0_6010_X,pugguyf0,finished,058a68f,num_valid_anchors,930,False,N/A,N/A,3000,20000,5000,retrieved,3.5,10,16,0.0625,6010,2026-09-18T01:49:45Z
BankHeist_fjepojgh_9999_X,fjepojgh,finished,058a68f,num_valid_anchors,668.5,False,N/A,N/A,3000,20000,5000,retrieved,3.5,10,16,0.0625,9999,2026-09-18T02:37:25Z
